ip_id,src_ip,dst_ip,dst_port,hops,hop_count
99,10.0.0.1,10.0.0.10,5000,1,1
100,10.0.0.1,10.0.0.10,5000,1,1
101,10.0.0.1,10.0.0.10,5000,1,1
102,10.0.0.1,10.0.0.10,5000,1,1
103,10.0.0.1,10.0.0.10,5000,1,1
104,10.0.0.1,10.0.0.10,5000,1,1
105,10.0.0.1,10.0.0.10,5000,1,1
106,10.0.0.1,10.0.0.10,5000,1,1
107,10.0.0.1,10.0.0.10,5000,1,1
108,10.0.0.1,10.0.0.10,5000,1,1
109,10.0.0.1,10.0.0.10,5000,1,1
110,10.0.0.1,10.0.0.10,5000,1,1
111,10.0.0.1,10.0.0.10,5000,1,1
112,10.0.0.1,10.0.0.10,5000,1,1
113,10.0.0.1,10.0.0.10,5000,1,1
114,10.0.0.1,10.0.0.10,5000,1,1
115,10.0.0.1,10.0.0.10,5000,1,1
116,10.0.0.1,10.0.0.10,5000,1,1
117,10.0.0.1,10.0.0.10,5000,1,1
118,10.0.0.1,10.0.0.10,5000,1,1
119,10.0.0.1,10.0.0.10,5000,1,1
120,10.0.0.1,10.0.0.10,5000,1,1
121,10.0.0.1,10.0.0.10,5000,1,1
122,10.0.0.1,10.0.0.10,5000,1,1
123,10.0.0.1,10.0.0.10,5000,1,1
124,10.0.0.1,10.0.0.10,5000,1,1
125,10.0.0.1,10.0.0.10,5000,1,1
126,10.0.0.1,10.0.0.10,5000,1,1
127,10.0.0.1,10.0.0.10,5000,1,1
128,10.0.0.1,10.0.0.10,5000,1,1
129,10.0.0.1,10.0.0.10,5000,1,1
130,10.0.0.1,10.0.0.10,5000,1,1
131,10.0.0.1,10.0.0.10,5000,1,1
132,10.0.0.1,10.0.0.10,5000,1,1
133,10.0.0.1,10.0.0.10,5000,1,1
134,10.0.0.1,10.0.0.10,5000,1,1
135,10.0.0.1,10.0.0.10,5000,1,1
136,10.0.0.1,10.0.0.10,5000,1,1
137,10.0.0.1,10.0.0.10,5000,1,1
138,10.0.0.1,10.0.0.10,5000,1,1
139,10.0.0.1,10.0.0.10,5000,1,1
140,10.0.0.1,10.0.0.10,5000,1,1
141,10.0.0.1,10.0.0.10,5000,1,1
142,10.0.0.1,10.0.0.10,5000,1,1
143,10.0.0.1,10.0.0.10,5000,1,1
144,10.0.0.1,10.0.0.10,5000,1,1
145,10.0.0.1,10.0.0.10,5000,1,1
146,10.0.0.1,10.0.0.10,5000,1,1
147,10.0.0.1,10.0.0.10,5000,1,1
148,10.0.0.1,10.0.0.10,5000,1,1
149,10.0.0.1,10.0.0.10,5000,1,1
150,10.0.0.1,10.0.0.10,5000,1,1
151,10.0.0.1,10.0.0.10,5000,1,1
152,10.0.0.1,10.0.0.10,5000,1,1
153,10.0.0.1,10.0.0.10,5000,1,1
154,10.0.0.1,10.0.0.10,5000,1,1
155,10.0.0.1,10.0.0.10,5000,1,1
156,10.0.0.1,10.0.0.10,5000,1,1
157,10.0.0.1,10.0.0.10,5000,1,1
158,10.0.0.1,10.0.0.10,5000,1,1
159,10.0.0.1,10.0.0.10,5000,1,1
160,10.0.0.1,10.0.0.10,5000,1,1
161,10.0.0.1,10.0.0.10,5000,1,1
162,10.0.0.1,10.0.0.10,5000,1,1
163,10.0.0.1,10.0.0.10,5000,1,1
164,10.0.0.1,10.0.0.10,5000,1,1
165,10.0.0.1,10.0.0.10,5000,1,1
166,10.0.0.1,10.0.0.10,5000,1,1
167,10.0.0.1,10.0.0.10,5000,1,1
168,10.0.0.1,10.0.0.10,5000,1,1
169,10.0.0.1,10.0.0.10,5000,1,1
170,10.0.0.1,10.0.0.10,5000,1,1
171,10.0.0.1,10.0.0.10,5000,1,1
172,10.0.0.1,10.0.0.10,5000,1,1
173,10.0.0.1,10.0.0.10,5000,1,1
174,10.0.0.1,10.0.0.10,5000,1,1
175,10.0.0.1,10.0.0.10,5000,1,1
176,10.0.0.1,10.0.0.10,5000,1,1
177,10.0.0.1,10.0.0.10,5000,1,1
178,10.0.0.1,10.0.0.10,5000,1,1
179,10.0.0.1,10.0.0.10,5000,1,1
180,10.0.0.1,10.0.0.10,5000,1,1
181,10.0.0.1,10.0.0.10,5000,1,1
182,10.0.0.1,10.0.0.10,5000,1,1
183,10.0.0.1,10.0.0.10,5000,1,1
184,10.0.0.1,10.0.0.10,5000,1,1
185,10.0.0.1,10.0.0.10,5000,1,1
186,10.0.0.1,10.0.0.10,5000,1,1
187,10.0.0.1,10.0.0.10,5000,1,1
188,10.0.0.1,10.0.0.10,5000,1,1
189,10.0.0.1,10.0.0.10,5000,1,1
190,10.0.0.1,10.0.0.10,5000,1,1
191,10.0.0.1,10.0.0.10,5000,1,1
192,10.0.0.1,10.0.0.10,5000,1,1
193,10.0.0.1,10.0.0.10,5000,1,1
194,10.0.0.1,10.0.0.10,5000,1,1
195,10.0.0.1,10.0.0.10,5000,1,1
196,10.0.0.1,10.0.0.10,5000,1,1
197,10.0.0.1,10.0.0.10,5000,1,1
198,10.0.0.1,10.0.0.10,5000,1,1
199,10.0.0.1,10.0.0.10,5000,1,1
200,10.0.0.1,10.0.0.10,5000,1,1
201,10.0.0.1,10.0.0.10,5000,1,1
202,10.0.0.1,10.0.0.10,5000,1,1
203,10.0.0.1,10.0.0.10,5000,1,1
204,10.0.0.1,10.0.0.10,5000,1,1
205,10.0.0.1,10.0.0.10,5000,1,1
206,10.0.0.1,10.0.0.10,5000,1,1
207,10.0.0.1,10.0.0.10,5000,1,1
208,10.0.0.1,10.0.0.10,5000,1,1
209,10.0.0.1,10.0.0.10,5000,1,1
210,10.0.0.1,10.0.0.10,5000,1,1
211,10.0.0.1,10.0.0.10,5000,1,1
212,10.0.0.1,10.0.0.10,5000,1,1
213,10.0.0.1,10.0.0.10,5000,1,1
214,10.0.0.1,10.0.0.10,5000,1,1
215,10.0.0.1,10.0.0.10,5000,1,1
216,10.0.0.1,10.0.0.10,5000,1,1
217,10.0.0.1,10.0.0.10,5000,1,1
218,10.0.0.1,10.0.0.10,5000,1,1
219,10.0.0.1,10.0.0.10,5000,1,1
220,10.0.0.1,10.0.0.10,5000,1,1
221,10.0.0.1,10.0.0.10,5000,1,1
222,10.0.0.1,10.0.0.10,5000,1,1
223,10.0.0.1,10.0.0.10,5000,1,1
224,10.0.0.1,10.0.0.10,5000,1,1
225,10.0.0.1,10.0.0.10,5000,1,1
226,10.0.0.1,10.0.0.10,5000,1,1
227,10.0.0.1,10.0.0.10,5000,1,1
228,10.0.0.1,10.0.0.10,5000,1,1
229,10.0.0.1,10.0.0.10,5000,1,1
230,10.0.0.1,10.0.0.10,5000,1,1
231,10.0.0.1,10.0.0.10,5000,1,1
232,10.0.0.1,10.0.0.10,5000,1,1
233,10.0.0.1,10.0.0.10,5000,1,1
234,10.0.0.1,10.0.0.10,5000,1,1
235,10.0.0.1,10.0.0.10,5000,1,1
236,10.0.0.1,10.0.0.10,5000,1,1
237,10.0.0.1,10.0.0.10,5000,1,1
238,10.0.0.1,10.0.0.10,5000,1,1
239,10.0.0.1,10.0.0.10,5000,1,1
240,10.0.0.1,10.0.0.10,5000,1,1
241,10.0.0.1,10.0.0.10,5000,1,1
242,10.0.0.1,10.0.0.10,5000,1,1
243,10.0.0.1,10.0.0.10,5000,1,1
590,10.0.0.1,10.0.0.10,5000,1,1
592,10.0.0.1,10.0.0.10,5000,1,1
593,10.0.0.1,10.0.0.10,5000,1,1
594,10.0.0.1,10.0.0.10,5000,1,1
595,10.0.0.1,10.0.0.10,5000,1,1
596,10.0.0.1,10.0.0.10,5000,1,1
598,10.0.0.1,10.0.0.10,5000,1,1
599,10.0.0.1,10.0.0.10,5000,1,1
600,10.0.0.1,10.0.0.10,5000,1,1
601,10.0.0.1,10.0.0.10,5000,1,1
604,10.0.0.1,10.0.0.10,5000,1,1
606,10.0.0.1,10.0.0.10,5000,1,1
607,10.0.0.1,10.0.0.10,5000,1,1
608,10.0.0.1,10.0.0.10,5000,1,1
610,10.0.0.1,10.0.0.10,5000,1,1
611,10.0.0.1,10.0.0.10,5000,1,1
612,10.0.0.1,10.0.0.10,5000,1,1
613,10.0.0.1,10.0.0.10,5000,1,1
614,10.0.0.1,10.0.0.10,5000,1,1
615,10.0.0.1,10.0.0.10,5000,1,1
616,10.0.0.1,10.0.0.10,5000,1,1
617,10.0.0.1,10.0.0.10,5000,1,1
618,10.0.0.1,10.0.0.10,5000,1,1
619,10.0.0.1,10.0.0.10,5000,1,1
620,10.0.0.1,10.0.0.10,5000,1,1
621,10.0.0.1,10.0.0.10,5000,1,1
622,10.0.0.1,10.0.0.10,5000,1,1
623,10.0.0.1,10.0.0.10,5000,1,1
624,10.0.0.1,10.0.0.10,5000,1,1
625,10.0.0.1,10.0.0.10,5000,1,1
626,10.0.0.1,10.0.0.10,5000,1,1
627,10.0.0.1,10.0.0.10,5000,1,1
628,10.0.0.1,10.0.0.10,5000,1,1
629,10.0.0.1,10.0.0.10,5000,1,1
630,10.0.0.1,10.0.0.10,5000,1,1
631,10.0.0.1,10.0.0.10,5000,1,1
632,10.0.0.1,10.0.0.10,5000,1,1
633,10.0.0.1,10.0.0.10,5000,1,1
634,10.0.0.1,10.0.0.10,5000,1,1
635,10.0.0.1,10.0.0.10,5000,1,1
636,10.0.0.1,10.0.0.10,5000,1,1
637,10.0.0.1,10.0.0.10,5000,1,1
638,10.0.0.1,10.0.0.10,5000,1,1
639,10.0.0.1,10.0.0.10,5000,1,1
640,10.0.0.1,10.0.0.10,5000,1,1
641,10.0.0.1,10.0.0.10,5000,1,1
642,10.0.0.1,10.0.0.10,5000,1,1
643,10.0.0.1,10.0.0.10,5000,1,1
644,10.0.0.1,10.0.0.10,5000,1,1
645,10.0.0.1,10.0.0.10,5000,1,1
646,10.0.0.1,10.0.0.10,5000,1,1
647,10.0.0.1,10.0.0.10,5000,1,1
648,10.0.0.1,10.0.0.10,5000,1,1
649,10.0.0.1,10.0.0.10,5000,1,1
650,10.0.0.1,10.0.0.10,5000,1,1
651,10.0.0.1,10.0.0.10,5000,1,1
652,10.0.0.1,10.0.0.10,5000,1,1
653,10.0.0.1,10.0.0.10,5000,1,1
654,10.0.0.1,10.0.0.10,5000,1,1
655,10.0.0.1,10.0.0.10,5000,1,1
656,10.0.0.1,10.0.0.10,5000,1,1
657,10.0.0.1,10.0.0.10,5000,1,1
658,10.0.0.1,10.0.0.10,5000,1,1
659,10.0.0.1,10.0.0.10,5000,1,1
660,10.0.0.1,10.0.0.10,5000,1,1
661,10.0.0.1,10.0.0.10,5000,1,1
662,10.0.0.1,10.0.0.10,5000,1,1
663,10.0.0.1,10.0.0.10,5000,1,1
664,10.0.0.1,10.0.0.10,5000,1,1
665,10.0.0.1,10.0.0.10,5000,1,1
666,10.0.0.1,10.0.0.10,5000,1,1
667,10.0.0.1,10.0.0.10,5000,1,1
668,10.0.0.1,10.0.0.10,5000,1,1
669,10.0.0.1,10.0.0.10,5000,1,1
670,10.0.0.1,10.0.0.10,5000,1,1
671,10.0.0.1,10.0.0.10,5000,1,1
672,10.0.0.1,10.0.0.10,5000,1,1
673,10.0.0.1,10.0.0.10,5000,1,1
674,10.0.0.1,10.0.0.10,5000,1,1
675,10.0.0.1,10.0.0.10,5000,1,1
676,10.0.0.1,10.0.0.10,5000,1,1
677,10.0.0.1,10.0.0.10,5000,1,1
678,10.0.0.1,10.0.0.10,5000,1,1
679,10.0.0.1,10.0.0.10,5000,1,1
680,10.0.0.1,10.0.0.10,5000,1,1
681,10.0.0.1,10.0.0.10,5000,1,1
682,10.0.0.1,10.0.0.10,5000,1,1
683,10.0.0.1,10.0.0.10,5000,1,1
684,10.0.0.1,10.0.0.10,5000,1,1
685,10.0.0.1,10.0.0.10,5000,1,1
686,10.0.0.1,10.0.0.10,5000,1,1
687,10.0.0.1,10.0.0.10,5000,1,1
688,10.0.0.1,10.0.0.10,5000,1,1
689,10.0.0.1,10.0.0.10,5000,1,1
690,10.0.0.1,10.0.0.10,5000,1,1
691,10.0.0.1,10.0.0.10,5000,1,1
692,10.0.0.1,10.0.0.10,5000,1,1
693,10.0.0.1,10.0.0.10,5000,1,1
694,10.0.0.1,10.0.0.10,5000,1,1
695,10.0.0.1,10.0.0.10,5000,1,1
696,10.0.0.1,10.0.0.10,5000,1,1
697,10.0.0.1,10.0.0.10,5000,1,1
698,10.0.0.1,10.0.0.10,5000,1,1
699,10.0.0.1,10.0.0.10,5000,1,1
700,10.0.0.1,10.0.0.10,5000,1,1
701,10.0.0.1,10.0.0.10,5000,1,1
702,10.0.0.1,10.0.0.10,5000,1,1
703,10.0.0.1,10.0.0.10,5000,1,1
704,10.0.0.1,10.0.0.10,5000,1,1
705,10.0.0.1,10.0.0.10,5000,1,1
706,10.0.0.1,10.0.0.10,5000,1,1
707,10.0.0.1,10.0.0.10,5000,1,1
708,10.0.0.1,10.0.0.10,5000,1,1
709,10.0.0.1,10.0.0.10,5000,1,1
710,10.0.0.1,10.0.0.10,5000,1,1
711,10.0.0.1,10.0.0.10,5000,1,1
712,10.0.0.1,10.0.0.10,5000,1,1
713,10.0.0.1,10.0.0.10,5000,1,1
714,10.0.0.1,10.0.0.10,5000,1,1
715,10.0.0.1,10.0.0.10,5000,1,1
716,10.0.0.1,10.0.0.10,5000,1,1
717,10.0.0.1,10.0.0.10,5000,1,1
718,10.0.0.1,10.0.0.10,5000,1,1
719,10.0.0.1,10.0.0.10,5000,1,1
720,10.0.0.1,10.0.0.10,5000,1,1
721,10.0.0.1,10.0.0.10,5000,1,1
722,10.0.0.1,10.0.0.10,5000,1,1
723,10.0.0.1,10.0.0.10,5000,1,1
724,10.0.0.1,10.0.0.10,5000,1,1
725,10.0.0.1,10.0.0.10,5000,1,1
726,10.0.0.1,10.0.0.10,5000,1,1
727,10.0.0.1,10.0.0.10,5000,1,1
728,10.0.0.1,10.0.0.10,5000,1,1
729,10.0.0.1,10.0.0.10,5000,1,1
730,10.0.0.1,10.0.0.10,5000,1,1
731,10.0.0.1,10.0.0.10,5000,1,1
732,10.0.0.1,10.0.0.10,5000,1,1
733,10.0.0.1,10.0.0.10,5000,1,1
734,10.0.0.1,10.0.0.10,5000,1,1
735,10.0.0.1,10.0.0.10,5000,1,1
736,10.0.0.1,10.0.0.10,5000,1,1
737,10.0.0.1,10.0.0.10,5000,1,1
738,10.0.0.1,10.0.0.10,5000,1,1
739,10.0.0.1,10.0.0.10,5000,1,1
740,10.0.0.1,10.0.0.10,5000,1,1
741,10.0.0.1,10.0.0.10,5000,1,1
742,10.0.0.1,10.0.0.10,5000,1,1
743,10.0.0.1,10.0.0.10,5000,1,1
744,10.0.0.1,10.0.0.10,5000,1,1
745,10.0.0.1,10.0.0.10,5000,1,1
746,10.0.0.1,10.0.0.10,5000,1,1
747,10.0.0.1,10.0.0.10,5000,1,1
748,10.0.0.1,10.0.0.10,5000,1,1
749,10.0.0.1,10.0.0.10,5000,1,1
750,10.0.0.1,10.0.0.10,5000,1,1
751,10.0.0.1,10.0.0.10,5000,1,1
752,10.0.0.1,10.0.0.10,5000,1,1
753,10.0.0.1,10.0.0.10,5000,1,1
754,10.0.0.1,10.0.0.10,5000,1,1
755,10.0.0.1,10.0.0.10,5000,1,1
756,10.0.0.1,10.0.0.10,5000,1,1
757,10.0.0.1,10.0.0.10,5000,1,1
758,10.0.0.1,10.0.0.10,5000,1,1
759,10.0.0.1,10.0.0.10,5000,1,1
760,10.0.0.1,10.0.0.10,5000,1,1
761,10.0.0.1,10.0.0.10,5000,1,1
762,10.0.0.1,10.0.0.10,5000,1,1
763,10.0.0.1,10.0.0.10,5000,1,1
764,10.0.0.1,10.0.0.10,5000,1,1
765,10.0.0.1,10.0.0.10,5000,1,1
766,10.0.0.1,10.0.0.10,5000,1,1
767,10.0.0.1,10.0.0.10,5000,1,1
768,10.0.0.1,10.0.0.10,5000,1,1
769,10.0.0.1,10.0.0.10,5000,1,1
770,10.0.0.1,10.0.0.10,5000,1,1
771,10.0.0.1,10.0.0.10,5000,1,1
772,10.0.0.1,10.0.0.10,5000,1,1
773,10.0.0.1,10.0.0.10,5000,1,1
774,10.0.0.1,10.0.0.10,5000,1,1
775,10.0.0.1,10.0.0.10,5000,1,1
776,10.0.0.1,10.0.0.10,5000,1,1
777,10.0.0.1,10.0.0.10,5000,1,1
778,10.0.0.1,10.0.0.10,5000,1,1
779,10.0.0.1,10.0.0.10,5000,1,1
780,10.0.0.1,10.0.0.10,5000,1,1
781,10.0.0.1,10.0.0.10,5000,1,1
782,10.0.0.1,10.0.0.10,5000,1,1
783,10.0.0.1,10.0.0.10,5000,1,1
784,10.0.0.1,10.0.0.10,5000,1,1
785,10.0.0.1,10.0.0.10,5000,1,1
786,10.0.0.1,10.0.0.10,5000,1,1
787,10.0.0.1,10.0.0.10,5000,1,1
788,10.0.0.1,10.0.0.10,5000,1,1
789,10.0.0.1,10.0.0.10,5000,1,1
790,10.0.0.1,10.0.0.10,5000,1,1
791,10.0.0.1,10.0.0.10,5000,1,1
792,10.0.0.1,10.0.0.10,5000,1,1
793,10.0.0.1,10.0.0.10,5000,1,1
794,10.0.0.1,10.0.0.10,5000,1,1
795,10.0.0.1,10.0.0.10,5000,1,1
796,10.0.0.1,10.0.0.10,5000,1,1
797,10.0.0.1,10.0.0.10,5000,1,1
1708,10.0.0.1,10.0.0.10,5000,1,1
1709,10.0.0.1,10.0.0.10,5000,1,1
1710,10.0.0.1,10.0.0.10,5000,1,1
1711,10.0.0.1,10.0.0.10,5000,1,1
1712,10.0.0.1,10.0.0.10,5000,1,1
1713,10.0.0.1,10.0.0.10,5000,1,1
1714,10.0.0.1,10.0.0.10,5000,1,1
1715,10.0.0.1,10.0.0.10,5000,1,1
1716,10.0.0.1,10.0.0.10,5000,1,1
1717,10.0.0.1,10.0.0.10,5000,1,1
1718,10.0.0.1,10.0.0.10,5000,1,1
1719,10.0.0.1,10.0.0.10,5000,1,1
1720,10.0.0.1,10.0.0.10,5000,1,1
1721,10.0.0.1,10.0.0.10,5000,1,1
1722,10.0.0.1,10.0.0.10,5000,1,1
1723,10.0.0.1,10.0.0.10,5000,1,1
1724,10.0.0.1,10.0.0.10,5000,1,1
1725,10.0.0.1,10.0.0.10,5000,1,1
1726,10.0.0.1,10.0.0.10,5000,1,1
1727,10.0.0.1,10.0.0.10,5000,1,1
1728,10.0.0.1,10.0.0.10,5000,1,1
1729,10.0.0.1,10.0.0.10,5000,1,1
1730,10.0.0.1,10.0.0.10,5000,1,1
1731,10.0.0.1,10.0.0.10,5000,1,1
1732,10.0.0.1,10.0.0.10,5000,1,1
1733,10.0.0.1,10.0.0.10,5000,1,1
1734,10.0.0.1,10.0.0.10,5000,1,1
1735,10.0.0.1,10.0.0.10,5000,1,1
1736,10.0.0.1,10.0.0.10,5000,1,1
1737,10.0.0.1,10.0.0.10,5000,1,1
1738,10.0.0.1,10.0.0.10,5000,1,1
1739,10.0.0.1,10.0.0.10,5000,1,1
1740,10.0.0.1,10.0.0.10,5000,1,1
1741,10.0.0.1,10.0.0.10,5000,1,1
1742,10.0.0.1,10.0.0.10,5000,1,1
1743,10.0.0.1,10.0.0.10,5000,1,1
1744,10.0.0.1,10.0.0.10,5000,1,1
1745,10.0.0.1,10.0.0.10,5000,1,1
1746,10.0.0.1,10.0.0.10,5000,1,1
1747,10.0.0.1,10.0.0.10,5000,1,1
1748,10.0.0.1,10.0.0.10,5000,1,1
1749,10.0.0.1,10.0.0.10,5000,1,1
1750,10.0.0.1,10.0.0.10,5000,1,1
1751,10.0.0.1,10.0.0.10,5000,1,1
1752,10.0.0.1,10.0.0.10,5000,1,1
1753,10.0.0.1,10.0.0.10,5000,1,1
1754,10.0.0.1,10.0.0.10,5000,1,1
1755,10.0.0.1,10.0.0.10,5000,1,1
1756,10.0.0.1,10.0.0.10,5000,1,1
1757,10.0.0.1,10.0.0.10,5000,1,1
1758,10.0.0.1,10.0.0.10,5000,1,1
1759,10.0.0.1,10.0.0.10,5000,1,1
1760,10.0.0.1,10.0.0.10,5000,1,1
1761,10.0.0.1,10.0.0.10,5000,1,1
1762,10.0.0.1,10.0.0.10,5000,1,1
1763,10.0.0.1,10.0.0.10,5000,1,1
1764,10.0.0.1,10.0.0.10,5000,1,1
1765,10.0.0.1,10.0.0.10,5000,1,1
1766,10.0.0.1,10.0.0.10,5000,1,1
1767,10.0.0.1,10.0.0.10,5000,1,1
1768,10.0.0.1,10.0.0.10,5000,1,1
1769,10.0.0.1,10.0.0.10,5000,1,1
1770,10.0.0.1,10.0.0.10,5000,1,1
1771,10.0.0.1,10.0.0.10,5000,1,1
1772,10.0.0.1,10.0.0.10,5000,1,1
1773,10.0.0.1,10.0.0.10,5000,1,1
1774,10.0.0.1,10.0.0.10,5000,1,1
1775,10.0.0.1,10.0.0.10,5000,1,1
1776,10.0.0.1,10.0.0.10,5000,1,1
1777,10.0.0.1,10.0.0.10,5000,1,1
1778,10.0.0.1,10.0.0.10,5000,1,1
1779,10.0.0.1,10.0.0.10,5000,1,1
1780,10.0.0.1,10.0.0.10,5000,1,1
1781,10.0.0.1,10.0.0.10,5000,1,1
1782,10.0.0.1,10.0.0.10,5000,1,1
1783,10.0.0.1,10.0.0.10,5000,1,1
1784,10.0.0.1,10.0.0.10,5000,1,1
1785,10.0.0.1,10.0.0.10,5000,1,1
1786,10.0.0.1,10.0.0.10,5000,1,1
1787,10.0.0.1,10.0.0.10,5000,1,1
1788,10.0.0.1,10.0.0.10,5000,1,1
1789,10.0.0.1,10.0.0.10,5000,1,1
1790,10.0.0.1,10.0.0.10,5000,1,1
1791,10.0.0.1,10.0.0.10,5000,1,1
1792,10.0.0.1,10.0.0.10,5000,1,1
1793,10.0.0.1,10.0.0.10,5000,1,1
1794,10.0.0.1,10.0.0.10,5000,1,1
1795,10.0.0.1,10.0.0.10,5000,1,1
1796,10.0.0.1,10.0.0.10,5000,1,1
1797,10.0.0.1,10.0.0.10,5000,1,1
1798,10.0.0.1,10.0.0.10,5000,1,1
1799,10.0.0.1,10.0.0.10,5000,1,1
1800,10.0.0.1,10.0.0.10,5000,1,1
1801,10.0.0.1,10.0.0.10,5000,1,1
1802,10.0.0.1,10.0.0.10,5000,1,1
1803,10.0.0.1,10.0.0.10,5000,1,1
1804,10.0.0.1,10.0.0.10,5000,1,1
1805,10.0.0.1,10.0.0.10,5000,1,1
1806,10.0.0.1,10.0.0.10,5000,1,1
1807,10.0.0.1,10.0.0.10,5000,1,1
1808,10.0.0.1,10.0.0.10,5000,1,1
1809,10.0.0.1,10.0.0.10,5000,1,1
1810,10.0.0.1,10.0.0.10,5000,1,1
1811,10.0.0.1,10.0.0.10,5000,1,1
1812,10.0.0.1,10.0.0.10,5000,1,1
1813,10.0.0.1,10.0.0.10,5000,1,1
1814,10.0.0.1,10.0.0.10,5000,1,1
1815,10.0.0.1,10.0.0.10,5000,1,1
1816,10.0.0.1,10.0.0.10,5000,1,1
1817,10.0.0.1,10.0.0.10,5000,1,1
1818,10.0.0.1,10.0.0.10,5000,1,1
1819,10.0.0.1,10.0.0.10,5000,1,1
1820,10.0.0.1,10.0.0.10,5000,1,1
1821,10.0.0.1,10.0.0.10,5000,1,1
1822,10.0.0.1,10.0.0.10,5000,1,1
1823,10.0.0.1,10.0.0.10,5000,1,1
1824,10.0.0.1,10.0.0.10,5000,1,1
1825,10.0.0.1,10.0.0.10,5000,1,1
1826,10.0.0.1,10.0.0.10,5000,1,1
1827,10.0.0.1,10.0.0.10,5000,1,1
1828,10.0.0.1,10.0.0.10,5000,1,1
1829,10.0.0.1,10.0.0.10,5000,1,1
1830,10.0.0.1,10.0.0.10,5000,1,1
1831,10.0.0.1,10.0.0.10,5000,1,1
1832,10.0.0.1,10.0.0.10,5000,1,1
1833,10.0.0.1,10.0.0.10,5000,1,1
1834,10.0.0.1,10.0.0.10,5000,1,1
1835,10.0.0.1,10.0.0.10,5000,1,1
1836,10.0.0.1,10.0.0.10,5000,1,1
1837,10.0.0.1,10.0.0.10,5000,1,1
1838,10.0.0.1,10.0.0.10,5000,1,1
1839,10.0.0.1,10.0.0.10,5000,1,1
1840,10.0.0.1,10.0.0.10,5000,1,1
1841,10.0.0.1,10.0.0.10,5000,1,1
1842,10.0.0.1,10.0.0.10,5000,1,1
1843,10.0.0.1,10.0.0.10,5000,1,1
1844,10.0.0.1,10.0.0.10,5000,1,1
1845,10.0.0.1,10.0.0.10,5000,1,1
1846,10.0.0.1,10.0.0.10,5000,1,1
1847,10.0.0.1,10.0.0.10,5000,1,1
1848,10.0.0.1,10.0.0.10,5000,1,1
1849,10.0.0.1,10.0.0.10,5000,1,1
1850,10.0.0.1,10.0.0.10,5000,1,1
1851,10.0.0.1,10.0.0.10,5000,1,1
1852,10.0.0.1,10.0.0.10,5000,1,1
1853,10.0.0.1,10.0.0.10,5000,1,1
1854,10.0.0.1,10.0.0.10,5000,1,1
1855,10.0.0.1,10.0.0.10,5000,1,1
1856,10.0.0.1,10.0.0.10,5000,1,1
1857,10.0.0.1,10.0.0.10,5000,1,1
1858,10.0.0.1,10.0.0.10,5000,1,1
1859,10.0.0.1,10.0.0.10,5000,1,1
1860,10.0.0.1,10.0.0.10,5000,1,1
1861,10.0.0.1,10.0.0.10,5000,1,1
1862,10.0.0.1,10.0.0.10,5000,1,1
1863,10.0.0.1,10.0.0.10,5000,1,1
1864,10.0.0.1,10.0.0.10,5000,1,1
1865,10.0.0.1,10.0.0.10,5000,1,1
1866,10.0.0.1,10.0.0.10,5000,1,1
1867,10.0.0.1,10.0.0.10,5000,1,1
1868,10.0.0.1,10.0.0.10,5000,1,1
1869,10.0.0.1,10.0.0.10,5000,1,1
1870,10.0.0.1,10.0.0.10,5000,1,1
1871,10.0.0.1,10.0.0.10,5000,1,1
1872,10.0.0.1,10.0.0.10,5000,1,1
1873,10.0.0.1,10.0.0.10,5000,1,1
1874,10.0.0.1,10.0.0.10,5000,1,1
1875,10.0.0.1,10.0.0.10,5000,1,1
1876,10.0.0.1,10.0.0.10,5000,1,1
1877,10.0.0.1,10.0.0.10,5000,1,1
1878,10.0.0.1,10.0.0.10,5000,1,1
1879,10.0.0.1,10.0.0.10,5000,1,1
1880,10.0.0.1,10.0.0.10,5000,1,1
1881,10.0.0.1,10.0.0.10,5000,1,1
1882,10.0.0.1,10.0.0.10,5000,1,1
1883,10.0.0.1,10.0.0.10,5000,1,1
1884,10.0.0.1,10.0.0.10,5000,1,1
1885,10.0.0.1,10.0.0.10,5000,1,1
1886,10.0.0.1,10.0.0.10,5000,1,1
1887,10.0.0.1,10.0.0.10,5000,1,1
1888,10.0.0.1,10.0.0.10,5000,1,1
1889,10.0.0.1,10.0.0.10,5000,1,1
1890,10.0.0.1,10.0.0.10,5000,1,1
1891,10.0.0.1,10.0.0.10,5000,1,1
1892,10.0.0.1,10.0.0.10,5000,1,1
1893,10.0.0.1,10.0.0.10,5000,1,1
1894,10.0.0.1,10.0.0.10,5000,1,1
1895,10.0.0.1,10.0.0.10,5000,1,1
1896,10.0.0.1,10.0.0.10,5000,1,1
1897,10.0.0.1,10.0.0.10,5000,1,1
1898,10.0.0.1,10.0.0.10,5000,1,1
1899,10.0.0.1,10.0.0.10,5000,1,1
1900,10.0.0.1,10.0.0.10,5000,1,1
1901,10.0.0.1,10.0.0.10,5000,1,1
1902,10.0.0.1,10.0.0.10,5000,1,1
1903,10.0.0.1,10.0.0.10,5000,1,1
1904,10.0.0.1,10.0.0.10,5000,1,1
1955,10.0.0.1,10.0.0.10,5000,1,1
1956,10.0.0.1,10.0.0.10,5000,1,1
1957,10.0.0.1,10.0.0.10,5000,1,1
1958,10.0.0.1,10.0.0.10,5000,1,1
1959,10.0.0.1,10.0.0.10,5000,1,1
1960,10.0.0.1,10.0.0.10,5000,1,1
1961,10.0.0.1,10.0.0.10,5000,1,1
1962,10.0.0.1,10.0.0.10,5000,1,1
1963,10.0.0.1,10.0.0.10,5000,1,1
1964,10.0.0.1,10.0.0.10,5000,1,1
1965,10.0.0.1,10.0.0.10,5000,1,1
1966,10.0.0.1,10.0.0.10,5000,1,1
1967,10.0.0.1,10.0.0.10,5000,1,1
1968,10.0.0.1,10.0.0.10,5000,1,1
1969,10.0.0.1,10.0.0.10,5000,1,1
1970,10.0.0.1,10.0.0.10,5000,1,1
1971,10.0.0.1,10.0.0.10,5000,1,1
1972,10.0.0.1,10.0.0.10,5000,1,1
1973,10.0.0.1,10.0.0.10,5000,1,1
1974,10.0.0.1,10.0.0.10,5000,1,1
1975,10.0.0.1,10.0.0.10,5000,1,1
1976,10.0.0.1,10.0.0.10,5000,1,1
1977,10.0.0.1,10.0.0.10,5000,1,1
1978,10.0.0.1,10.0.0.10,5000,1,1
1979,10.0.0.1,10.0.0.10,5000,1,1
1980,10.0.0.1,10.0.0.10,5000,1,1
1981,10.0.0.1,10.0.0.10,5000,1,1
1982,10.0.0.1,10.0.0.10,5000,1,1
1983,10.0.0.1,10.0.0.10,5000,1,1
1984,10.0.0.1,10.0.0.10,5000,1,1
1985,10.0.0.1,10.0.0.10,5000,1,1
1986,10.0.0.1,10.0.0.10,5000,1,1
1987,10.0.0.1,10.0.0.10,5000,1,1
1988,10.0.0.1,10.0.0.10,5000,1,1
1989,10.0.0.1,10.0.0.10,5000,1,1
1990,10.0.0.1,10.0.0.10,5000,1,1
1991,10.0.0.1,10.0.0.10,5000,1,1
1992,10.0.0.1,10.0.0.10,5000,1,1
1993,10.0.0.1,10.0.0.10,5000,1,1
1994,10.0.0.1,10.0.0.10,5000,1,1
1995,10.0.0.1,10.0.0.10,5000,1,1
1996,10.0.0.1,10.0.0.10,5000,1,1
1997,10.0.0.1,10.0.0.10,5000,1,1
1998,10.0.0.1,10.0.0.10,5000,1,1
1999,10.0.0.1,10.0.0.10,5000,1,1
2000,10.0.0.1,10.0.0.10,5000,1,1
2001,10.0.0.1,10.0.0.10,5000,1,1
2002,10.0.0.1,10.0.0.10,5000,1,1
2003,10.0.0.1,10.0.0.10,5000,1,1
2004,10.0.0.1,10.0.0.10,5000,1,1
2005,10.0.0.1,10.0.0.10,5000,1,1
2006,10.0.0.1,10.0.0.10,5000,1,1
2007,10.0.0.1,10.0.0.10,5000,1,1
2008,10.0.0.1,10.0.0.10,5000,1,1
2009,10.0.0.1,10.0.0.10,5000,1,1
2010,10.0.0.1,10.0.0.10,5000,1,1
2011,10.0.0.1,10.0.0.10,5000,1,1
2012,10.0.0.1,10.0.0.10,5000,1,1
2013,10.0.0.1,10.0.0.10,5000,1,1
2014,10.0.0.1,10.0.0.10,5000,1,1
2015,10.0.0.1,10.0.0.10,5000,1,1
2016,10.0.0.1,10.0.0.10,5000,1,1
2017,10.0.0.1,10.0.0.10,5000,1,1
2018,10.0.0.1,10.0.0.10,5000,1,1
2019,10.0.0.1,10.0.0.10,5000,1,1
2020,10.0.0.1,10.0.0.10,5000,1,1
2021,10.0.0.1,10.0.0.10,5000,1,1
2022,10.0.0.1,10.0.0.10,5000,1,1
2023,10.0.0.1,10.0.0.10,5000,1,1
2024,10.0.0.1,10.0.0.10,5000,1,1
2025,10.0.0.1,10.0.0.10,5000,1,1
2026,10.0.0.1,10.0.0.10,5000,1,1
2027,10.0.0.1,10.0.0.10,5000,1,1
2028,10.0.0.1,10.0.0.10,5000,1,1
2029,10.0.0.1,10.0.0.10,5000,1,1
2030,10.0.0.1,10.0.0.10,5000,1,1
2031,10.0.0.1,10.0.0.10,5000,1,1
2032,10.0.0.1,10.0.0.10,5000,1,1
2033,10.0.0.1,10.0.0.10,5000,1,1
2034,10.0.0.1,10.0.0.10,5000,1,1
2035,10.0.0.1,10.0.0.10,5000,1,1
2036,10.0.0.1,10.0.0.10,5000,1,1
2037,10.0.0.1,10.0.0.10,5000,1,1
2038,10.0.0.1,10.0.0.10,5000,1,1
2039,10.0.0.1,10.0.0.10,5000,1,1
2040,10.0.0.1,10.0.0.10,5000,1,1
2041,10.0.0.1,10.0.0.10,5000,1,1
2042,10.0.0.1,10.0.0.10,5000,1,1
2043,10.0.0.1,10.0.0.10,5000,1,1
2044,10.0.0.1,10.0.0.10,5000,1,1
2045,10.0.0.1,10.0.0.10,5000,1,1
2046,10.0.0.1,10.0.0.10,5000,1,1
2047,10.0.0.1,10.0.0.10,5000,1,1
2048,10.0.0.1,10.0.0.10,5000,1,1
2049,10.0.0.1,10.0.0.10,5000,1,1
2050,10.0.0.1,10.0.0.10,5000,1,1
2051,10.0.0.1,10.0.0.10,5000,1,1
2052,10.0.0.1,10.0.0.10,5000,1,1
2053,10.0.0.1,10.0.0.10,5000,1,1
2054,10.0.0.1,10.0.0.10,5000,1,1
2055,10.0.0.1,10.0.0.10,5000,1,1
2056,10.0.0.1,10.0.0.10,5000,1,1
2057,10.0.0.1,10.0.0.10,5000,1,1
2058,10.0.0.1,10.0.0.10,5000,1,1
2059,10.0.0.1,10.0.0.10,5000,1,1
2060,10.0.0.1,10.0.0.10,5000,1,1
2061,10.0.0.1,10.0.0.10,5000,1,1
2062,10.0.0.1,10.0.0.10,5000,1,1
2063,10.0.0.1,10.0.0.10,5000,1,1
2064,10.0.0.1,10.0.0.10,5000,1,1
2065,10.0.0.1,10.0.0.10,5000,1,1
2066,10.0.0.1,10.0.0.10,5000,1,1
2067,10.0.0.1,10.0.0.10,5000,1,1
2068,10.0.0.1,10.0.0.10,5000,1,1
2069,10.0.0.1,10.0.0.10,5000,1,1
2070,10.0.0.1,10.0.0.10,5000,1,1
2071,10.0.0.1,10.0.0.10,5000,1,1
2072,10.0.0.1,10.0.0.10,5000,1,1
2073,10.0.0.1,10.0.0.10,5000,1,1
2074,10.0.0.1,10.0.0.10,5000,1,1
2075,10.0.0.1,10.0.0.10,5000,1,1
2076,10.0.0.1,10.0.0.10,5000,1,1
2077,10.0.0.1,10.0.0.10,5000,1,1
2078,10.0.0.1,10.0.0.10,5000,1,1
2079,10.0.0.1,10.0.0.10,5000,1,1
2080,10.0.0.1,10.0.0.10,5000,1,1
2081,10.0.0.1,10.0.0.10,5000,1,1
2082,10.0.0.1,10.0.0.10,5000,1,1
2083,10.0.0.1,10.0.0.10,5000,1,1
2084,10.0.0.1,10.0.0.10,5000,1,1
2085,10.0.0.1,10.0.0.10,5000,1,1
2086,10.0.0.1,10.0.0.10,5000,1,1
2087,10.0.0.1,10.0.0.10,5000,1,1
2088,10.0.0.1,10.0.0.10,5000,1,1
2089,10.0.0.1,10.0.0.10,5000,1,1
2090,10.0.0.1,10.0.0.10,5000,1,1
2091,10.0.0.1,10.0.0.10,5000,1,1
2092,10.0.0.1,10.0.0.10,5000,1,1
2093,10.0.0.1,10.0.0.10,5000,1,1
2094,10.0.0.1,10.0.0.10,5000,1,1
2095,10.0.0.1,10.0.0.10,5000,1,1
2096,10.0.0.1,10.0.0.10,5000,1,1
2097,10.0.0.1,10.0.0.10,5000,1,1
2098,10.0.0.1,10.0.0.10,5000,1,1
2099,10.0.0.1,10.0.0.10,5000,1,1
2100,10.0.0.1,10.0.0.10,5000,1,1
2101,10.0.0.1,10.0.0.10,5000,1,1
2102,10.0.0.1,10.0.0.10,5000,1,1
2103,10.0.0.1,10.0.0.10,5000,1,1
2104,10.0.0.1,10.0.0.10,5000,1,1
2105,10.0.0.1,10.0.0.10,5000,1,1
2106,10.0.0.1,10.0.0.10,5000,1,1
2107,10.0.0.1,10.0.0.10,5000,1,1
2108,10.0.0.1,10.0.0.10,5000,1,1
2109,10.0.0.1,10.0.0.10,5000,1,1
2110,10.0.0.1,10.0.0.10,5000,1,1
2111,10.0.0.1,10.0.0.10,5000,1,1
2112,10.0.0.1,10.0.0.10,5000,1,1
2113,10.0.0.1,10.0.0.10,5000,1,1
2114,10.0.0.1,10.0.0.10,5000,1,1
2115,10.0.0.1,10.0.0.10,5000,1,1
2116,10.0.0.1,10.0.0.10,5000,1,1
2117,10.0.0.1,10.0.0.10,5000,1,1
2118,10.0.0.1,10.0.0.10,5000,1,1
2119,10.0.0.1,10.0.0.10,5000,1,1
2120,10.0.0.1,10.0.0.10,5000,1,1
2121,10.0.0.1,10.0.0.10,5000,1,1
2122,10.0.0.1,10.0.0.10,5000,1,1
2123,10.0.0.1,10.0.0.10,5000,1,1
2124,10.0.0.1,10.0.0.10,5000,1,1
2125,10.0.0.1,10.0.0.10,5000,1,1
2126,10.0.0.1,10.0.0.10,5000,1,1
2127,10.0.0.1,10.0.0.10,5000,1,1
2128,10.0.0.1,10.0.0.10,5000,1,1
2129,10.0.0.1,10.0.0.10,5000,1,1
2130,10.0.0.1,10.0.0.10,5000,1,1
2131,10.0.0.1,10.0.0.10,5000,1,1
2132,10.0.0.1,10.0.0.10,5000,1,1
2133,10.0.0.1,10.0.0.10,5000,1,1
2134,10.0.0.1,10.0.0.10,5000,1,1
2135,10.0.0.1,10.0.0.10,5000,1,1
2136,10.0.0.1,10.0.0.10,5000,1,1
2137,10.0.0.1,10.0.0.10,5000,1,1
2138,10.0.0.1,10.0.0.10,5000,1,1
2139,10.0.0.1,10.0.0.10,5000,1,1
2140,10.0.0.1,10.0.0.10,5000,1,1
2141,10.0.0.1,10.0.0.10,5000,1,1
2142,10.0.0.1,10.0.0.10,5000,1,1
2143,10.0.0.1,10.0.0.10,5000,1,1
2144,10.0.0.1,10.0.0.10,5000,1,1
2145,10.0.0.1,10.0.0.10,5000,1,1
2146,10.0.0.1,10.0.0.10,5000,1,1
2147,10.0.0.1,10.0.0.10,5000,1,1
2148,10.0.0.1,10.0.0.10,5000,1,1
2149,10.0.0.1,10.0.0.10,5000,1,1
2150,10.0.0.1,10.0.0.10,5000,1,1
2151,10.0.0.1,10.0.0.10,5000,1,1
2152,10.0.0.1,10.0.0.10,5000,1,1
2153,10.0.0.1,10.0.0.10,5000,1,1
2154,10.0.0.1,10.0.0.10,5000,1,1
2155,10.0.0.1,10.0.0.10,5000,1,1
2156,10.0.0.1,10.0.0.10,5000,1,1
2157,10.0.0.1,10.0.0.10,5000,1,1
2158,10.0.0.1,10.0.0.10,5000,1,1
2159,10.0.0.1,10.0.0.10,5000,1,1
2160,10.0.0.1,10.0.0.10,5000,1,1
2285,10.0.0.1,10.0.0.10,5000,1,1
2286,10.0.0.1,10.0.0.10,5000,1,1
2287,10.0.0.1,10.0.0.10,5000,1,1
2288,10.0.0.1,10.0.0.10,5000,1,1
2289,10.0.0.1,10.0.0.10,5000,1,1
2290,10.0.0.1,10.0.0.10,5000,1,1
2291,10.0.0.1,10.0.0.10,5000,1,1
2292,10.0.0.1,10.0.0.10,5000,1,1
2293,10.0.0.1,10.0.0.10,5000,1,1
2294,10.0.0.1,10.0.0.10,5000,1,1
2295,10.0.0.1,10.0.0.10,5000,1,1
2296,10.0.0.1,10.0.0.10,5000,1,1
2297,10.0.0.1,10.0.0.10,5000,1,1
2298,10.0.0.1,10.0.0.10,5000,1,1
2299,10.0.0.1,10.0.0.10,5000,1,1
2300,10.0.0.1,10.0.0.10,5000,1,1
2301,10.0.0.1,10.0.0.10,5000,1,1
2302,10.0.0.1,10.0.0.10,5000,1,1
2303,10.0.0.1,10.0.0.10,5000,1,1
2304,10.0.0.1,10.0.0.10,5000,1,1
2305,10.0.0.1,10.0.0.10,5000,1,1
2306,10.0.0.1,10.0.0.10,5000,1,1
2307,10.0.0.1,10.0.0.10,5000,1,1
2308,10.0.0.1,10.0.0.10,5000,1,1
2309,10.0.0.1,10.0.0.10,5000,1,1
2310,10.0.0.1,10.0.0.10,5000,1,1
2311,10.0.0.1,10.0.0.10,5000,1,1
2312,10.0.0.1,10.0.0.10,5000,1,1
2313,10.0.0.1,10.0.0.10,5000,1,1
2314,10.0.0.1,10.0.0.10,5000,1,1
2315,10.0.0.1,10.0.0.10,5000,1,1
2316,10.0.0.1,10.0.0.10,5000,1,1
2317,10.0.0.1,10.0.0.10,5000,1,1
2318,10.0.0.1,10.0.0.10,5000,1,1
2319,10.0.0.1,10.0.0.10,5000,1,1
2320,10.0.0.1,10.0.0.10,5000,1,1
2321,10.0.0.1,10.0.0.10,5000,1,1
2322,10.0.0.1,10.0.0.10,5000,1,1
2323,10.0.0.1,10.0.0.10,5000,1,1
2324,10.0.0.1,10.0.0.10,5000,1,1
2325,10.0.0.1,10.0.0.10,5000,1,1
2326,10.0.0.1,10.0.0.10,5000,1,1
2327,10.0.0.1,10.0.0.10,5000,1,1
2328,10.0.0.1,10.0.0.10,5000,1,1
2329,10.0.0.1,10.0.0.10,5000,1,1
2330,10.0.0.1,10.0.0.10,5000,1,1
2331,10.0.0.1,10.0.0.10,5000,1,1
2332,10.0.0.1,10.0.0.10,5000,1,1
2333,10.0.0.1,10.0.0.10,5000,1,1
2334,10.0.0.1,10.0.0.10,5000,1,1
2335,10.0.0.1,10.0.0.10,5000,1,1
2336,10.0.0.1,10.0.0.10,5000,1,1
2337,10.0.0.1,10.0.0.10,5000,1,1
2338,10.0.0.1,10.0.0.10,5000,1,1
2339,10.0.0.1,10.0.0.10,5000,1,1
2340,10.0.0.1,10.0.0.10,5000,1,1
2341,10.0.0.1,10.0.0.10,5000,1,1
2342,10.0.0.1,10.0.0.10,5000,1,1
2343,10.0.0.1,10.0.0.10,5000,1,1
2344,10.0.0.1,10.0.0.10,5000,1,1
2345,10.0.0.1,10.0.0.10,5000,1,1
2346,10.0.0.1,10.0.0.10,5000,1,1
2347,10.0.0.1,10.0.0.10,5000,1,1
2348,10.0.0.1,10.0.0.10,5000,1,1
2349,10.0.0.1,10.0.0.10,5000,1,1
2350,10.0.0.1,10.0.0.10,5000,1,1
2351,10.0.0.1,10.0.0.10,5000,1,1
2352,10.0.0.1,10.0.0.10,5000,1,1
2353,10.0.0.1,10.0.0.10,5000,1,1
2354,10.0.0.1,10.0.0.10,5000,1,1
2355,10.0.0.1,10.0.0.10,5000,1,1
2356,10.0.0.1,10.0.0.10,5000,1,1
2357,10.0.0.1,10.0.0.10,5000,1,1
2358,10.0.0.1,10.0.0.10,5000,1,1
2359,10.0.0.1,10.0.0.10,5000,1,1
2360,10.0.0.1,10.0.0.10,5000,1,1
2361,10.0.0.1,10.0.0.10,5000,1,1
2362,10.0.0.1,10.0.0.10,5000,1,1
2363,10.0.0.1,10.0.0.10,5000,1,1
2364,10.0.0.1,10.0.0.10,5000,1,1
2365,10.0.0.1,10.0.0.10,5000,1,1
2366,10.0.0.1,10.0.0.10,5000,1,1
2367,10.0.0.1,10.0.0.10,5000,1,1
2368,10.0.0.1,10.0.0.10,5000,1,1
2369,10.0.0.1,10.0.0.10,5000,1,1
2370,10.0.0.1,10.0.0.10,5000,1,1
2371,10.0.0.1,10.0.0.10,5000,1,1
2372,10.0.0.1,10.0.0.10,5000,1,1
2373,10.0.0.1,10.0.0.10,5000,1,1
2374,10.0.0.1,10.0.0.10,5000,1,1
2375,10.0.0.1,10.0.0.10,5000,1,1
2376,10.0.0.1,10.0.0.10,5000,1,1
2811,10.0.0.1,10.0.0.10,5000,1,1
2812,10.0.0.1,10.0.0.10,5000,1,1
2813,10.0.0.1,10.0.0.10,5000,1,1
2814,10.0.0.1,10.0.0.10,5000,1,1
2815,10.0.0.1,10.0.0.10,5000,1,1
2816,10.0.0.1,10.0.0.10,5000,1,1
2817,10.0.0.1,10.0.0.10,5000,1,1
2818,10.0.0.1,10.0.0.10,5000,1,1
2819,10.0.0.1,10.0.0.10,5000,1,1
2843,10.0.0.1,10.0.0.10,5000,1,1
2844,10.0.0.1,10.0.0.10,5000,1,1
2851,10.0.0.1,10.0.0.10,5000,1,1
2864,10.0.0.1,10.0.0.10,5000,1,1
2865,10.0.0.1,10.0.0.10,5000,1,1
2868,10.0.0.1,10.0.0.10,5000,1,1
2881,10.0.0.1,10.0.0.10,5000,1,1
2893,10.0.0.1,10.0.0.10,5000,1,1
2894,10.0.0.1,10.0.0.10,5000,1,1
2896,10.0.0.1,10.0.0.10,5000,1,1
2897,10.0.0.1,10.0.0.10,5000,1,1
2898,10.0.0.1,10.0.0.10,5000,1,1
2899,10.0.0.1,10.0.0.10,5000,1,1
2900,10.0.0.1,10.0.0.10,5000,1,1
2901,10.0.0.1,10.0.0.10,5000,1,1
2902,10.0.0.1,10.0.0.10,5000,1,1
2903,10.0.0.1,10.0.0.10,5000,1,1
2904,10.0.0.1,10.0.0.10,5000,1,1
2905,10.0.0.1,10.0.0.10,5000,1,1
2906,10.0.0.1,10.0.0.10,5000,1,1
2907,10.0.0.1,10.0.0.10,5000,1,1
2908,10.0.0.1,10.0.0.10,5000,1,1
2909,10.0.0.1,10.0.0.10,5000,1,1
2910,10.0.0.1,10.0.0.10,5000,1,1
2911,10.0.0.1,10.0.0.10,5000,1,1
2912,10.0.0.1,10.0.0.10,5000,1,1
2914,10.0.0.1,10.0.0.10,5000,1,1
2915,10.0.0.1,10.0.0.10,5000,1,1
2916,10.0.0.1,10.0.0.10,5000,1,1
2918,10.0.0.1,10.0.0.10,5000,1,1
2920,10.0.0.1,10.0.0.10,5000,1,1
2921,10.0.0.1,10.0.0.10,5000,1,1
2922,10.0.0.1,10.0.0.10,5000,1,1
2923,10.0.0.1,10.0.0.10,5000,1,1
2924,10.0.0.1,10.0.0.10,5000,1,1
2925,10.0.0.1,10.0.0.10,5000,1,1
2928,10.0.0.1,10.0.0.10,5000,1,1
2930,10.0.0.1,10.0.0.10,5000,1,1
2932,10.0.0.1,10.0.0.10,5000,1,1
2933,10.0.0.1,10.0.0.10,5000,1,1
2934,10.0.0.1,10.0.0.10,5000,1,1
2935,10.0.0.1,10.0.0.10,5000,1,1
2936,10.0.0.1,10.0.0.10,5000,1,1
2937,10.0.0.1,10.0.0.10,5000,1,1
2938,10.0.0.1,10.0.0.10,5000,1,1
2955,10.0.0.1,10.0.0.10,5000,1,1
2956,10.0.0.1,10.0.0.10,5000,1,1
2958,10.0.0.1,10.0.0.10,5000,1,1
2959,10.0.0.1,10.0.0.10,5000,1,1
2961,10.0.0.1,10.0.0.10,5000,1,1
2962,10.0.0.1,10.0.0.10,5000,1,1
2963,10.0.0.1,10.0.0.10,5000,1,1
2964,10.0.0.1,10.0.0.10,5000,1,1
2966,10.0.0.1,10.0.0.10,5000,1,1
2967,10.0.0.1,10.0.0.10,5000,1,1
2968,10.0.0.1,10.0.0.10,5000,1,1
2969,10.0.0.1,10.0.0.10,5000,1,1
2970,10.0.0.1,10.0.0.10,5000,1,1
2972,10.0.0.1,10.0.0.10,5000,1,1
2973,10.0.0.1,10.0.0.10,5000,1,1
2974,10.0.0.1,10.0.0.10,5000,1,1
2975,10.0.0.1,10.0.0.10,5000,1,1
2976,10.0.0.1,10.0.0.10,5000,1,1
2977,10.0.0.1,10.0.0.10,5000,1,1
2978,10.0.0.1,10.0.0.10,5000,1,1
2979,10.0.0.1,10.0.0.10,5000,1,1
2980,10.0.0.1,10.0.0.10,5000,1,1
2981,10.0.0.1,10.0.0.10,5000,1,1
2982,10.0.0.1,10.0.0.10,5000,1,1
2983,10.0.0.1,10.0.0.10,5000,1,1
2984,10.0.0.1,10.0.0.10,5000,1,1
2985,10.0.0.1,10.0.0.10,5000,1,1
2986,10.0.0.1,10.0.0.10,5000,1,1
2987,10.0.0.1,10.0.0.10,5000,1,1
2988,10.0.0.1,10.0.0.10,5000,1,1
2989,10.0.0.1,10.0.0.10,5000,1,1
2990,10.0.0.1,10.0.0.10,5000,1,1
2991,10.0.0.1,10.0.0.10,5000,1,1
2992,10.0.0.1,10.0.0.10,5000,1,1
2993,10.0.0.1,10.0.0.10,5000,1,1
2994,10.0.0.1,10.0.0.10,5000,1,1
2995,10.0.0.1,10.0.0.10,5000,1,1
2996,10.0.0.1,10.0.0.10,5000,1,1
2997,10.0.0.1,10.0.0.10,5000,1,1
2998,10.0.0.1,10.0.0.10,5000,1,1
2999,10.0.0.1,10.0.0.10,5000,1,1
3000,10.0.0.1,10.0.0.10,5000,1,1
3001,10.0.0.1,10.0.0.10,5000,1,1
3002,10.0.0.1,10.0.0.10,5000,1,1
3003,10.0.0.1,10.0.0.10,5000,1,1
3004,10.0.0.1,10.0.0.10,5000,1,1
3005,10.0.0.1,10.0.0.10,5000,1,1
3006,10.0.0.1,10.0.0.10,5000,1,1
3007,10.0.0.1,10.0.0.10,5000,1,1
3008,10.0.0.1,10.0.0.10,5000,1,1
3009,10.0.0.1,10.0.0.10,5000,1,1
3010,10.0.0.1,10.0.0.10,5000,1,1
3011,10.0.0.1,10.0.0.10,5000,1,1
3012,10.0.0.1,10.0.0.10,5000,1,1
3013,10.0.0.1,10.0.0.10,5000,1,1
3014,10.0.0.1,10.0.0.10,5000,1,1
3015,10.0.0.1,10.0.0.10,5000,1,1
3016,10.0.0.1,10.0.0.10,5000,1,1
1934,10.0.0.1,10.0.0.10,5000,1->2,2
1942,10.0.0.1,10.0.0.10,5000,1->2,2
2542,10.0.0.1,10.0.0.10,5000,1->0,2
2544,10.0.0.1,10.0.0.10,5000,1->0,2
2577,10.0.0.1,10.0.0.10,5000,1->0,2
2581,10.0.0.1,10.0.0.10,5000,1->2,2
1915,10.0.0.1,10.0.0.10,5000,1->2->0,3
1916,10.0.0.1,10.0.0.10,5000,1->0->2,3
1917,10.0.0.1,10.0.0.10,5000,1->2->0,3
1918,10.0.0.1,10.0.0.10,5000,1->0->2,3
1919,10.0.0.1,10.0.0.10,5000,1->0->2,3
1920,10.0.0.1,10.0.0.10,5000,1->0->2,3
1921,10.0.0.1,10.0.0.10,5000,1->2->0,3
1922,10.0.0.1,10.0.0.10,5000,1->2->0,3
1923,10.0.0.1,10.0.0.10,5000,1->2->0,3
1924,10.0.0.1,10.0.0.10,5000,1->2->0,3
1925,10.0.0.1,10.0.0.10,5000,1->0->2,3
1926,10.0.0.1,10.0.0.10,5000,1->2->0,3
1928,10.0.0.1,10.0.0.10,5000,1->2->0,3
1929,10.0.0.1,10.0.0.10,5000,1->0->2,3
1930,10.0.0.1,10.0.0.10,5000,1->2->0,3
1931,10.0.0.1,10.0.0.10,5000,1->0->2,3
1932,10.0.0.1,10.0.0.10,5000,1->2->0,3
1933,10.0.0.1,10.0.0.10,5000,1->2->0,3
1935,10.0.0.1,10.0.0.10,5000,1->2->0,3
1936,10.0.0.1,10.0.0.10,5000,1->0->2,3
1937,10.0.0.1,10.0.0.10,5000,1->2->0,3
1938,10.0.0.1,10.0.0.10,5000,1->0->2,3
1939,10.0.0.1,10.0.0.10,5000,1->2->0,3
1940,10.0.0.1,10.0.0.10,5000,1->0->2,3
1941,10.0.0.1,10.0.0.10,5000,1->0->2,3
1943,10.0.0.1,10.0.0.10,5000,1->0->2,3
1944,10.0.0.1,10.0.0.10,5000,1->0->2,3
1945,10.0.0.1,10.0.0.10,5000,1->2->0,3
1946,10.0.0.1,10.0.0.10,5000,1->2->0,3
1947,10.0.0.1,10.0.0.10,5000,1->0->2,3
1948,10.0.0.1,10.0.0.10,5000,1->2->0,3
1950,10.0.0.1,10.0.0.10,5000,1->2->0,3
1951,10.0.0.1,10.0.0.10,5000,1->2->0,3
1952,10.0.0.1,10.0.0.10,5000,1->0->2,3
1953,10.0.0.1,10.0.0.10,5000,1->2->0,3
1954,10.0.0.1,10.0.0.10,5000,1->0->2,3
2529,10.0.0.1,10.0.0.10,5000,1->2->0,3
2530,10.0.0.1,10.0.0.10,5000,1->2->0,3
2531,10.0.0.1,10.0.0.10,5000,1->2->0,3
2532,10.0.0.1,10.0.0.10,5000,1->2->0,3
2533,10.0.0.1,10.0.0.10,5000,1->0->2,3
2534,10.0.0.1,10.0.0.10,5000,1->2->0,3
2535,10.0.0.1,10.0.0.10,5000,1->0->2,3
2536,10.0.0.1,10.0.0.10,5000,1->2->0,3
2537,10.0.0.1,10.0.0.10,5000,1->2->0,3
2538,10.0.0.1,10.0.0.10,5000,1->0->2,3
2547,10.0.0.1,10.0.0.10,5000,1->2->3,3
2553,10.0.0.1,10.0.0.10,5000,1->2->3,3
2568,10.0.0.1,10.0.0.10,5000,1->2->0,3
2569,10.0.0.1,10.0.0.10,5000,1->0->2,3
2570,10.0.0.1,10.0.0.10,5000,1->0->2,3
2571,10.0.0.1,10.0.0.10,5000,1->0->2,3
2572,10.0.0.1,10.0.0.10,5000,1->0->2,3
2573,10.0.0.1,10.0.0.10,5000,1->2->0,3
2574,10.0.0.1,10.0.0.10,5000,1->0->2,3
2575,10.0.0.1,10.0.0.10,5000,1->0->2,3
2576,10.0.0.1,10.0.0.10,5000,1->0->2,3
2578,10.0.0.1,10.0.0.10,5000,1->0->2,3
2579,10.0.0.1,10.0.0.10,5000,1->0->2,3
2580,10.0.0.1,10.0.0.10,5000,1->2->0,3
2582,10.0.0.1,10.0.0.10,5000,1->2->0,3
2583,10.0.0.1,10.0.0.10,5000,1->0->2,3
2586,10.0.0.1,10.0.0.10,5000,1->2->0,3
1927,10.0.0.1,10.0.0.10,5000,1->0->2->0,4
2498,10.0.0.1,10.0.0.10,5000,1->2->3->4,4
2508,10.0.0.1,10.0.0.10,5000,1->0->2->1,4
2509,10.0.0.1,10.0.0.10,5000,1->2->0->3,4
2510,10.0.0.1,10.0.0.10,5000,1->0->2->3,4
2511,10.0.0.1,10.0.0.10,5000,1->0->2->3,4
2512,10.0.0.1,10.0.0.10,5000,1->2->0->3,4
2513,10.0.0.1,10.0.0.10,5000,1->2->0->3,4
2514,10.0.0.1,10.0.0.10,5000,1->0->2->3,4
2515,10.0.0.1,10.0.0.10,5000,1->2->0->3,4
2519,10.0.0.1,10.0.0.10,5000,1->2->0->3,4
2521,10.0.0.1,10.0.0.10,5000,1->2->0->3,4
2522,10.0.0.1,10.0.0.10,5000,1->0->2->3,4
2523,10.0.0.1,10.0.0.10,5000,1->2->0->3,4
2524,10.0.0.1,10.0.0.10,5000,1->2->0->3,4
2525,10.0.0.1,10.0.0.10,5000,1->0->2->3,4
2527,10.0.0.1,10.0.0.10,5000,1->2->0->1,4
2540,10.0.0.1,10.0.0.10,5000,1->0->2->3,4
2546,10.0.0.1,10.0.0.10,5000,1->0->2->3,4
2548,10.0.0.1,10.0.0.10,5000,1->0->2->3,4
2550,10.0.0.1,10.0.0.10,5000,1->0->2->3,4
2551,10.0.0.1,10.0.0.10,5000,1->2->0->3,4
2552,10.0.0.1,10.0.0.10,5000,1->0->2->3,4
2554,10.0.0.1,10.0.0.10,5000,1->0->2->3,4
2556,10.0.0.1,10.0.0.10,5000,1->2->0->3,4
2557,10.0.0.1,10.0.0.10,5000,1->2->0->3,4
2559,10.0.0.1,10.0.0.10,5000,1->2->0->3,4
2560,10.0.0.1,10.0.0.10,5000,1->0->2->3,4
2562,10.0.0.1,10.0.0.10,5000,1->0->2->3,4
2563,10.0.0.1,10.0.0.10,5000,1->2->0->3,4
2567,10.0.0.1,10.0.0.10,5000,1->0->2->0,4
2584,10.0.0.1,10.0.0.10,5000,1->0->2->0,4
1914,10.0.0.1,10.0.0.10,5000,1->0->2->3->2,5
2497,10.0.0.1,10.0.0.10,5000,1->2->1->3->4,5
2499,10.0.0.1,10.0.0.10,5000,1->2->0->3->4,5
2500,10.0.0.1,10.0.0.10,5000,1->0->2->3->4,5
2501,10.0.0.1,10.0.0.10,5000,1->0->2->3->4,5
2516,10.0.0.1,10.0.0.10,5000,1->2->0->3->1,5
2517,10.0.0.1,10.0.0.10,5000,1->0->2->1->3,5
2518,10.0.0.1,10.0.0.10,5000,1->0->2->3->1,5
2520,10.0.0.1,10.0.0.10,5000,1->0->2->3->1,5
2526,10.0.0.1,10.0.0.10,5000,1->0->2->3->1,5
2539,10.0.0.1,10.0.0.10,5000,1->0->2->0->3,5
2541,10.0.0.1,10.0.0.10,5000,1->0->2->0->3,5
2543,10.0.0.1,10.0.0.10,5000,1->0->2->0->3,5
2549,10.0.0.1,10.0.0.10,5000,1->0->2->1->3,5
2555,10.0.0.1,10.0.0.10,5000,1->0->2->1->3,5
2561,10.0.0.1,10.0.0.10,5000,1->0->2->0->3,5
2565,10.0.0.1,10.0.0.10,5000,1->0->2->0->3,5
2566,10.0.0.1,10.0.0.10,5000,1->0->2->0->3,5
1905,10.0.0.1,10.0.0.10,5000,1->2->0->3->4->3,6
2480,10.0.0.1,10.0.0.10,5000,1->0->2->3->4->3,6
2493,10.0.0.1,10.0.0.10,5000,1->2->0->3->4->5,6
2503,10.0.0.1,10.0.0.10,5000,1->0->2->3->2->4,6
2504,10.0.0.1,10.0.0.10,5000,1->2->0->3->2->4,6
2505,10.0.0.1,10.0.0.10,5000,1->0->2->3->2->4,6
2507,10.0.0.1,10.0.0.10,5000,1->2->0->3->4->2,6
2492,10.0.0.1,10.0.0.10,5000,1->0->2->3->4->2->5,7
2494,10.0.0.1,10.0.0.10,5000,1->2->0->3->2->4->3,7
2495,10.0.0.1,10.0.0.10,5000,1->0->2->3->4->5->3,7
2496,10.0.0.1,10.0.0.10,5000,1->2->0->3->1->2->4,7
2502,10.0.0.1,10.0.0.10,5000,1->2->0->3->2->4->2,7
2506,10.0.0.1,10.0.0.10,5000,1->2->0->3->1->4->2,7
1465,10.0.0.1,10.0.0.10,5000,1->0->2->3->2->4->5->4,8
2482,10.0.0.1,10.0.0.10,5000,1->0->2->3->4->3->5->6,8
2490,10.0.0.1,10.0.0.10,5000,1->2->0->3->2->4->3->5,8
2491,10.0.0.1,10.0.0.10,5000,1->0->2->3->4->2->3->5,8
1466,10.0.0.1,10.0.0.10,5000,1->0->2->3->4->2->5->3->4,9
1469,10.0.0.1,10.0.0.10,5000,1->0->2->3->4->5->3->6->4,9
1473,10.0.0.1,10.0.0.10,5000,1->0->2->3->4->5->3->6->4,9
1907,10.0.0.1,10.0.0.10,5000,1->0->2->3->4->5->3->6->5,9
1913,10.0.0.1,10.0.0.10,5000,1->0->2->3->2->4->5->3->6,9
2470,10.0.0.1,10.0.0.10,5000,1->0->2->3->1->4->3->5->4,9
2483,10.0.0.1,10.0.0.10,5000,1->2->0->3->4->5->3->4->6,9
2485,10.0.0.1,10.0.0.10,5000,1->0->2->3->4->3->5->6->4,9
1468,10.0.0.1,10.0.0.10,5000,1->0->2->3->2->4->5->3->6->4,10
1470,10.0.0.1,10.0.0.10,5000,1->2->0->3->4->2->3->5->6->4,10
1471,10.0.0.1,10.0.0.10,5000,1->2->0->3->2->4->3->5->4->6,10
1474,10.0.0.1,10.0.0.10,5000,1->2->0->3->2->4->3->5->4->6,10
2484,10.0.0.1,10.0.0.10,5000,1->2->0->3->1->4->3->5->4->6,10
2486,10.0.0.1,10.0.0.10,5000,1->2->0->1->3->2->4->3->5->6,10
2488,10.0.0.1,10.0.0.10,5000,1->2->0->1->3->2->4->5->4->6,10
24,10.0.0.1,10.0.0.10,5000,1->0->2->3->4->3->5->6->7->8->9,11
31,10.0.0.1,10.0.0.10,5000,1->2->0->3->4->5->6->7->8->6->9,11
48,10.0.0.1,10.0.0.10,5000,1->0->2->3->4->5->6->7->8->6->9,11
385,10.0.0.1,10.0.0.10,5000,1->2->0->3->4->3->5->6->7->8->9,11
1909,10.0.0.1,10.0.0.10,5000,1->2->3->4->5->3->4->6->3->7->8,11
2481,10.0.0.1,10.0.0.10,5000,1->2->0->1->3->2->4->3->5->4->6,11
2487,10.0.0.1,10.0.0.10,5000,1->0->2->3->1->2->4->3->5->4->6,11
2489,10.0.0.1,10.0.0.10,5000,1->0->2->3->2->4->2->3->5->6->4,11
16,10.0.0.1,10.0.0.10,5000,1->2->0->3->4->3->5->4->6->7->8->9,12
267,10.0.0.1,10.0.0.10,5000,1->0->2->3->2->4->5->6->7->8->7->9,12
1462,10.0.0.1,10.0.0.10,5000,1->0->2->3->2->4->5->4->6->7->5->6,12
1467,10.0.0.1,10.0.0.10,5000,1->0->2->3->2->4->2->5->3->4->6->4,12
1472,10.0.0.1,10.0.0.10,5000,1->2->0->3->1->2->4->5->3->5->6->4,12
1910,10.0.0.1,10.0.0.10,5000,1->0->2->3->4->5->3->6->4->5->7->8,12
1911,10.0.0.1,10.0.0.10,5000,1->2->0->3->4->5->3->6->4->7->5->8,12
1912,10.0.0.1,10.0.0.10,5000,1->0->2->0->3->1->2->4->5->3->6->4,12
2467,10.0.0.1,10.0.0.10,5000,1->0->2->3->4->3->5->6->7->6->8->9,12
2474,10.0.0.1,10.0.0.10,5000,1->0->2->0->3->4->3->5->6->7->6->8,12
2476,10.0.0.1,10.0.0.10,5000,1->0->2->3->4->3->5->4->6->7->6->8,12
34,10.0.0.1,10.0.0.10,5000,1->0->2->3->4->5->4->6->7->8->6->9->7,13
42,10.0.0.1,10.0.0.10,5000,1->0->2->3->4->5->6->4->7->8->6->7->9,13
67,10.0.0.1,10.0.0.10,5000,1->0->2->3->4->5->4->6->7->8->6->7->9,13
308,10.0.0.1,10.0.0.10,5000,1->0->2->3->2->4->5->3->4->6->7->8->9,13
366,10.0.0.1,10.0.0.10,5000,1->2->3->2->4->3->5->6->7->6->8->7->9,13
1453,10.0.0.1,10.0.0.10,5000,1->0->2->3->4->5->6->5->7->8->6->9->7,13
1908,10.0.0.1,10.0.0.10,5000,1->0->2->3->4->5->3->6->4->7->5->6->8,13
2468,10.0.0.1,10.0.0.10,5000,1->2->0->1->3->4->3->5->6->7->8->7->9,13
2471,10.0.0.1,10.0.0.10,5000,1->2->0->3->1->4->5->4->6->4->7->6->8,13
2475,10.0.0.1,10.0.0.10,5000,1->0->2->3->4->2->3->5->4->6->5->7->6,13
2,10.0.0.1,10.0.0.10,5000,1->0->2->3->4->5->6->4->7->5->8->6->9->7,14
14,10.0.0.1,10.0.0.10,5000,1->0->2->3->4->3->5->4->6->7->6->8->9->7,14
20,10.0.0.1,10.0.0.10,5000,1->0->2->3->4->3->5->4->6->5->7->8->6->9,14
27,10.0.0.1,10.0.0.10,5000,1->2->0->3->4->5->4->6->7->5->8->6->9->7,14
30,10.0.0.1,10.0.0.10,5000,1->2->0->3->4->3->5->4->6->7->8->6->9->7,14
41,10.0.0.1,10.0.0.10,5000,1->2->3->4->5->3->6->4->7->5->6->8->9->7,14
59,10.0.0.1,10.0.0.10,5000,1->0->2->3->2->4->5->6->4->7->6->8->7->9,14
304,10.0.0.1,10.0.0.10,5000,1->0->2->3->4->5->3->6->7->5->8->6->7->9,14
305,10.0.0.1,10.0.0.10,5000,1->2->0->3->2->4->5->6->4->5->7->8->7->9,14
306,10.0.0.1,10.0.0.10,5000,1->0->2->3->4->2->5->6->4->5->7->8->7->9,14
307,10.0.0.1,10.0.0.10,5000,1->2->0->3->4->5->4->6->5->7->6->8->9->7,14
324,10.0.0.1,10.0.0.10,5000,1->0->2->0->1->3->4->2->5->6->7->8->6->9,14
367,10.0.0.1,10.0.0.10,5000,1->2->0->3->2->4->3->5->6->4->7->8->7->9,14
373,10.0.0.1,10.0.0.10,5000,1->0->2->3->2->4->3->5->4->6->5->7->8->9,14
384,10.0.0.1,10.0.0.10,5000,1->2->0->3->4->5->3->4->6->5->7->8->7->9,14
1354,10.0.0.1,10.0.0.10,5000,1->0->2->3->4->5->4->6->5->7->6->8->9->7,14
1463,10.0.0.1,10.0.0.10,5000,1->2->3->2->4->5->4->6->4->7->5->6->8->6,14
1906,10.0.0.1,10.0.0.10,5000,1->0->2->3->2->4->3->5->6->4->7->6->8->9,14
2464,10.0.0.1,10.0.0.10,5000,1->2->3->4->2->5->3->4->6->7->6->8->7->9,14
2465,10.0.0.1,10.0.0.10,5000,1->2->0->3->2->4->5->4->6->7->6->8->9->7,14
2472,10.0.0.1,10.0.0.10,5000,1->0->2->1->3->4->2->5->3->4->6->7->6->8,14
2473,10.0.0.1,10.0.0.10,5000,1->2->0->1->3->4->3->5->3->4->6->7->6->8,14
2477,10.0.0.1,10.0.0.10,5000,1->0->2->1->3->4->2->3->5->4->6->7->8->6,14
2479,10.0.0.1,10.0.0.10,5000,1->0->2->1->3->4->5->6->4->7->5->6->8->6,14
13,10.0.0.1,10.0.0.10,5000,1->0->2->3->4->5->3->6->4->7->5->6->8->7->9,15
18,10.0.0.1,10.0.0.10,5000,1->0->2->1->3->4->2->5->3->6->7->6->8->9->7,15
22,10.0.0.1,10.0.0.10,5000,1->0->2->0->3->4->5->4->6->5->7->6->8->9->7,15
26,10.0.0.1,10.0.0.10,5000,1->0->2->3->4->3->5->6->4->5->7->8->6->7->9,15
29,10.0.0.1,10.0.0.10,5000,1->0->2->0->3->4->5->3->6->4->7->8->6->9->7,15
33,10.0.0.1,10.0.0.10,5000,1->0->2->3->4->3->5->6->4->5->7->6->8->9->7,15
38,10.0.0.1,10.0.0.10,5000,1->0->2->3->4->3->5->4->6->5->7->6->8->9->7,15
44,10.0.0.1,10.0.0.10,5000,1->2->3->2->4->3->5->4->6->5->7->6->8->7->9,15
47,10.0.0.1,10.0.0.10,5000,1->2->0->3->2->4->5->3->6->4->7->8->6->7->9,15
51,10.0.0.1,10.0.0.10,5000,1->0->2->3->4->3->5->6->4->5->7->6->8->9->7,15
54,10.0.0.1,10.0.0.10,5000,1->2->0->3->4->5->3->6->4->7->5->6->8->7->9,15
56,10.0.0.1,10.0.0.10,5000,1->0->2->3->4->5->3->4->6->5->7->8->6->9->7,15
57,10.0.0.1,10.0.0.10,5000,1->0->2->3->4->5->3->6->4->5->7->6->8->7->9,15
58,10.0.0.1,10.0.0.10,5000,1->0->2->3->4->5->3->6->4->5->7->8->6->9->7,15
64,10.0.0.1,10.0.0.10,5000,1->2->0->3->4->3->5->4->6->7->5->6->8->7->9,15
66,10.0.0.1,10.0.0.10,5000,1->2->0->3->4->3->5->4->6->7->5->6->8->9->7,15
76,10.0.0.1,10.0.0.10,5000,1->2->0->3->4->5->3->4->6->7->5->6->8->7->9,15
77,10.0.0.1,10.0.0.10,5000,1->0->2->3->4->5->3->6->4->5->7->8->6->9->7,15
80,10.0.0.1,10.0.0.10,5000,1->0->2->3->4->5->3->6->4->7->5->8->6->7->9,15
83,10.0.0.1,10.0.0.10,5000,1->0->2->3->4->2->5->4->6->5->7->8->6->9->7,15
84,10.0.0.1,10.0.0.10,5000,1->0->2->3->2->4->5->4->6->5->7->8->6->7->9,15
88,10.0.0.1,10.0.0.10,5000,1->2->0->3->4->2->5->6->4->7->5->8->6->7->9,15
92,10.0.0.1,10.0.0.10,5000,1->2->3->4->2->3->5->4->6->5->7->6->8->7->9,15
93,10.0.0.1,10.0.0.10,5000,1->2->3->4->2->5->3->4->6->5->7->6->8->9->7,15
94,10.0.0.1,10.0.0.10,5000,1->2->0->3->4->3->5->4->6->7->5->6->8->9->7,15
244,10.0.0.1,10.0.0.10,5000,1->0->2->3->4->5->3->4->6->5->7->8->6->9->7,15
247,10.0.0.1,10.0.0.10,5000,1->2->0->3->4->3->5->6->4->5->7->6->8->9->7,15
254,10.0.0.1,10.0.0.10,5000,1->0->2->3->4->3->5->6->4->5->7->6->8->9->7,15
284,10.0.0.1,10.0.0.10,5000,1->2->0->3->4->3->5->6->4->7->5->8->6->7->9,15
296,10.0.0.1,10.0.0.10,5000,1->2->0->3->4->5->3->4->6->7->5->6->8->9->7,15
297,10.0.0.1,10.0.0.10,5000,1->0->2->0->3->2->4->3->5->4->6->5->7->8->9,15
298,10.0.0.1,10.0.0.10,5000,1->2->0->3->2->4->3->5->4->6->5->7->8->9->7,15
323,10.0.0.1,10.0.0.10,5000,1->0->2->3->4->3->5->6->4->7->5->6->8->7->9,15
329,10.0.0.1,10.0.0.10,5000,1->2->0->3->4->3->5->4->6->5->7->6->8->9->7,15
330,10.0.0.1,10.0.0.10,5000,1->0->2->3->4->5->3->4->6->7->5->8->6->9->7,15
339,10.0.0.1,10.0.0.10,5000,1->2->0->3->4->2->5->3->6->4->5->7->8->6->9,15
344,10.0.0.1,10.0.0.10,5000,1->0->2->3->4->2->3->5->6->4->5->7->6->8->9,15
355,10.0.0.1,10.0.0.10,5000,1->2->0->3->4->2->3->5->4->6->5->7->6->8->9,15
368,10.0.0.1,10.0.0.10,5000,1->2->0->3->4->3->5->6->4->7->5->6->8->9->7,15
379,10.0.0.1,10.0.0.10,5000,1->2->3->2->4->3->5->4->6->7->5->8->6->9->7,15
1355,10.0.0.1,10.0.0.10,5000,1->2->0->3->2->4->5->3->6->7->5->6->8->7->9,15
1356,10.0.0.1,10.0.0.10,5000,1->0->2->0->3->1->2->4->5->3->6->7->8->7->9,15
1358,10.0.0.1,10.0.0.10,5000,1->2->0->3->4->3->5->6->4->5->7->6->8->7->9,15
1359,10.0.0.1,10.0.0.10,5000,1->0->2->3->4->5->3->4->6->7->5->8->6->9->7,15
1360,10.0.0.1,10.0.0.10,5000,1->0->2->3->4->3->5->4->6->5->7->8->6->7->9,15
1363,10.0.0.1,10.0.0.10,5000,1->0->2->3->4->3->5->6->4->5->7->8->6->9->7,15
1365,10.0.0.1,10.0.0.10,5000,1->2->0->3->2->4->5->4->6->7->5->6->8->7->9,15
1372,10.0.0.1,10.0.0.10,5000,1->0->2->3->4->5->3->4->6->5->7->6->8->7->9,15
1384,10.0.0.1,10.0.0.10,5000,1->2->0->3->4->2->5->3->6->4->7->5->8->6->9,15
1386,10.0.0.1,10.0.0.10,5000,1->0->2->3->4->2->3->5->4->6->7->8->6->7->9,15
1405,10.0.0.1,10.0.0.10,5000,1->0->2->3->4->5->3->4->6->7->5->8->6->7->9,15
1411,10.0.0.1,10.0.0.10,5000,1->2->0->3->4->3->5->4->6->5->7->8->6->9->7,15
1418,10.0.0.1,10.0.0.10,5000,1->2->3->1->4->3->5->6->4->7->5->8->6->9->7,15
1421,10.0.0.1,10.0.0.10,5000,1->0->2->3->1->4->3->5->6->7->5->8->6->7->9,15
1435,10.0.0.1,10.0.0.10,5000,1->0->2->3->4->3->5->6->4->7->5->8->6->7->9,15
1448,10.0.0.1,10.0.0.10,5000,1->2->3->4->2->5->3->4->6->7->5->8->6->7->9,15
1452,10.0.0.1,10.0.0.10,5000,1->2->0->3->4->3->5->4->6->5->7->8->6->7->9,15
1461,10.0.0.1,10.0.0.10,5000,1->0->2->3->2->4->3->5->3->6->4->5->7->5->6,15
1464,10.0.0.1,10.0.0.10,5000,1->0->2->0->3->4->2->5->4->6->5->7->5->6->8,15
2478,10.0.0.1,10.0.0.10,5000,1->0->2->3->2->4->3->5->4->6->5->7->6->8->6,15
0,10.0.0.1,10.0.0.10,5000,1->0->2->3->2->4->5->3->4->6->5->7->6->8->7->9,16
11,10.0.0.1,10.0.0.10,5000,1->2->0->3->2->4->5->3->4->6->5->7->8->6->7->9,16
12,10.0.0.1,10.0.0.10,5000,1->0->2->3->4->2->5->3->4->6->7->5->8->6->7->9,16
23,10.0.0.1,10.0.0.10,5000,1->2->3->2->4->3->5->6->4->7->5->6->8->6->7->9,16
32,10.0.0.1,10.0.0.10,5000,1->0->2->3->4->2->3->5->6->4->5->7->8->6->9->7,16
35,10.0.0.1,10.0.0.10,5000,1->0->2->3->4->2->3->5->6->4->5->7->6->8->9->7,16
36,10.0.0.1,10.0.0.10,5000,1->2->0->3->2->4->5->3->6->4->7->5->8->6->7->9,16
37,10.0.0.1,10.0.0.10,5000,1->2->0->3->4->2->3->5->6->4->7->5->6->8->9->7,16
39,10.0.0.1,10.0.0.10,5000,1->2->0->3->2->4->5->3->6->4->5->7->6->8->7->9,16
40,10.0.0.1,10.0.0.10,5000,1->2->0->3->2->4->5->3->6->4->5->7->6->8->9->7,16
45,10.0.0.1,10.0.0.10,5000,1->0->2->3->2->4->3->5->4->6->7->5->8->6->9->7,16
50,10.0.0.1,10.0.0.10,5000,1->2->0->3->2->4->5->3->6->4->7->5->6->8->7->9,16
55,10.0.0.1,10.0.0.10,5000,1->0->2->0->3->4->5->3->4->6->7->5->6->8->7->9,16
60,10.0.0.1,10.0.0.10,5000,1->0->2->3->2->4->5->3->4->6->5->7->6->8->7->9,16
61,10.0.0.1,10.0.0.10,5000,1->0->2->3->4->2->5->3->4->6->7->5->8->6->7->9,16
62,10.0.0.1,10.0.0.10,5000,1->2->0->3->4->2->3->5->6->4->5->7->8->6->9->7,16
65,10.0.0.1,10.0.0.10,5000,1->0->2->3->4->2->3->5->6->4->7->5->8->6->7->9,16
68,10.0.0.1,10.0.0.10,5000,1->0->2->3->4->2->5->3->4->6->7->5->8->6->9->7,16
69,10.0.0.1,10.0.0.10,5000,1->2->0->3->2->4->3->5->4->6->5->7->6->8->7->9,16
70,10.0.0.1,10.0.0.10,5000,1->2->0->3->4->2->3->5->4->6->5->7->6->8->7->9,16
71,10.0.0.1,10.0.0.10,5000,1->0->2->3->4->2->3->5->6->4->7->5->6->8->7->9,16
73,10.0.0.1,10.0.0.10,5000,1->2->0->3->2->4->3->5->6->4->5->7->6->8->9->7,16
74,10.0.0.1,10.0.0.10,5000,1->2->0->3->4->2->5->3->6->4->7->5->8->6->9->7,16
75,10.0.0.1,10.0.0.10,5000,1->2->0->3->4->2->5->3->6->4->7->5->6->8->7->9,16
78,10.0.0.1,10.0.0.10,5000,1->0->2->3->4->2->5->3->4->6->5->7->6->8->9->7,16
79,10.0.0.1,10.0.0.10,5000,1->2->0->3->4->2->3->5->4->6->5->7->8->6->7->9,16
82,10.0.0.1,10.0.0.10,5000,1->2->0->3->4->2->3->5->4->6->7->5->8->6->7->9,16
85,10.0.0.1,10.0.0.10,5000,1->0->2->3->2->4->3->5->6->4->5->7->6->8->9->7,16
86,10.0.0.1,10.0.0.10,5000,1->2->0->3->4->2->3->5->6->4->7->5->6->8->7->9,16
87,10.0.0.1,10.0.0.10,5000,1->0->2->3->2->4->5->3->4->6->7->5->8->6->7->9,16
90,10.0.0.1,10.0.0.10,5000,1->0->2->3->4->2->5->3->4->6->5->7->8->6->7->9,16
91,10.0.0.1,10.0.0.10,5000,1->2->0->3->2->4->5->3->4->6->5->7->8->6->7->9,16
95,10.0.0.1,10.0.0.10,5000,1->0->2->3->2->4->3->5->6->4->7->5->8->6->7->9,16
96,10.0.0.1,10.0.0.10,5000,1->0->2->3->2->4->5->3->6->4->7->5->6->8->9->7,16
97,10.0.0.1,10.0.0.10,5000,1->0->2->3->2->4->5->3->6->4->5->7->8->6->9->7,16
98,10.0.0.1,10.0.0.10,5000,1->0->2->3->2->4->5->3->6->4->5->7->8->6->9->7,16
246,10.0.0.1,10.0.0.10,5000,1->2->0->3->2->4->3->5->6->4->5->7->8->6->9->7,16
248,10.0.0.1,10.0.0.10,5000,1->0->2->3->2->4->3->5->4->6->7->5->6->8->7->9,16
249,10.0.0.1,10.0.0.10,5000,1->0->2->3->4->2->5->3->6->4->5->7->8->6->7->9,16
250,10.0.0.1,10.0.0.10,5000,1->2->0->3->2->4->5->3->6->4->7->5->6->8->9->7,16
251,10.0.0.1,10.0.0.10,5000,1->2->0->3->2->4->5->3->4->6->5->7->8->6->9->7,16
252,10.0.0.1,10.0.0.10,5000,1->2->0->3->2->4->3->5->6->4->7->5->6->8->7->9,16
253,10.0.0.1,10.0.0.10,5000,1->0->2->3->4->2->3->5->6->4->7->5->8->6->9->7,16
255,10.0.0.1,10.0.0.10,5000,1->2->0->3->4->2->5->3->4->6->7->5->6->8->7->9,16
256,10.0.0.1,10.0.0.10,5000,1->0->2->3->4->2->5->3->4->6->5->7->8->6->7->9,16
257,10.0.0.1,10.0.0.10,5000,1->0->2->3->4->2->3->5->4->6->5->7->6->8->7->9,16
258,10.0.0.1,10.0.0.10,5000,1->0->2->3->4->2->3->5->6->4->7->5->8->6->9->7,16
259,10.0.0.1,10.0.0.10,5000,1->0->2->3->4->2->5->3->6->4->7->5->8->6->7->9,16
260,10.0.0.1,10.0.0.10,5000,1->2->0->3->4->2->5->3->4->6->7->5->8->6->7->9,16
261,10.0.0.1,10.0.0.10,5000,1->0->2->3->2->4->3->5->6->4->7->5->6->8->9->7,16
262,10.0.0.1,10.0.0.10,5000,1->2->0->3->2->4->5->3->6->4->5->7->6->8->9->7,16
263,10.0.0.1,10.0.0.10,5000,1->0->2->3->2->4->3->5->4->6->5->7->8->6->9->7,16
264,10.0.0.1,10.0.0.10,5000,1->0->2->3->4->2->3->5->6->4->7->5->6->8->9->7,16
265,10.0.0.1,10.0.0.10,5000,1->0->2->3->4->2->3->5->6->4->5->7->8->6->7->9,16
266,10.0.0.1,10.0.0.10,5000,1->2->0->3->4->2->5->3->4->6->5->7->8->6->9->7,16
268,10.0.0.1,10.0.0.10,5000,1->0->2->3->4->2->5->3->4->6->5->7->8->6->9->7,16
269,10.0.0.1,10.0.0.10,5000,1->2->0->3->2->4->3->5->4->6->7->5->8->6->9->7,16
270,10.0.0.1,10.0.0.10,5000,1->2->0->3->2->4->3->5->4->6->5->7->8->6->7->9,16
272,10.0.0.1,10.0.0.10,5000,1->2->0->3->4->2->3->5->6->4->5->7->8->6->7->9,16
273,10.0.0.1,10.0.0.10,5000,1->0->2->3->2->4->5->3->4->6->5->7->6->8->9->7,16
274,10.0.0.1,10.0.0.10,5000,1->0->2->3->2->4->3->5->6->4->7->5->6->8->7->9,16
276,10.0.0.1,10.0.0.10,5000,1->0->2->3->2->4->5->3->4->6->7->5->8->6->7->9,16
277,10.0.0.1,10.0.0.10,5000,1->0->2->3->2->4->5->3->4->6->5->7->8->6->9->7,16
278,10.0.0.1,10.0.0.10,5000,1->0->2->3->4->2->5->3->6->4->5->7->8->6->7->9,16
279,10.0.0.1,10.0.0.10,5000,1->0->2->3->4->2->5->3->6->4->7->5->6->8->7->9,16
280,10.0.0.1,10.0.0.10,5000,1->0->2->3->4->2->5->3->4->6->7->5->8->6->9->7,16
281,10.0.0.1,10.0.0.10,5000,1->0->2->3->2->4->3->5->6->4->7->5->6->8->7->9,16
282,10.0.0.1,10.0.0.10,5000,1->0->2->3->4->2->3->5->6->4->5->7->8->6->7->9,16
283,10.0.0.1,10.0.0.10,5000,1->0->2->3->2->4->5->3->4->6->7->5->6->8->7->9,16
286,10.0.0.1,10.0.0.10,5000,1->0->2->3->2->4->3->5->4->6->7->5->8->6->7->9,16
287,10.0.0.1,10.0.0.10,5000,1->0->2->3->2->4->5->3->4->6->5->7->6->8->7->9,16
288,10.0.0.1,10.0.0.10,5000,1->2->0->3->4->2->3->5->6->4->7->5->6->8->7->9,16
289,10.0.0.1,10.0.0.10,5000,1->0->2->3->4->2->5->3->4->6->5->7->8->6->7->9,16
290,10.0.0.1,10.0.0.10,5000,1->0->2->3->2->4->3->5->6->4->7->5->6->8->7->9,16
291,10.0.0.1,10.0.0.10,5000,1->0->2->3->2->4->5->3->6->4->5->7->6->8->9->7,16
292,10.0.0.1,10.0.0.10,5000,1->2->0->3->4->2->3->5->4->6->7->5->8->6->9->7,16
293,10.0.0.1,10.0.0.10,5000,1->2->0->3->4->2->5->3->6->4->5->7->6->8->9->7,16
295,10.0.0.1,10.0.0.10,5000,1->2->0->3->2->4->5->3->6->4->5->7->8->6->9->7,16
299,10.0.0.1,10.0.0.10,5000,1->2->0->3->2->4->5->3->4->6->7->5->6->8->7->9,16
301,10.0.0.1,10.0.0.10,5000,1->0->2->3->2->4->5->3->4->6->7->5->8->6->9->7,16
302,10.0.0.1,10.0.0.10,5000,1->0->2->3->2->4->5->3->4->6->7->5->6->8->9->7,16
303,10.0.0.1,10.0.0.10,5000,1->0->2->3->4->2->5->3->6->4->5->7->6->8->9->7,16
311,10.0.0.1,10.0.0.10,5000,1->0->2->3->4->2->5->3->4->6->7->5->8->6->7->9,16
312,10.0.0.1,10.0.0.10,5000,1->0->2->3->2->4->5->3->6->4->5->7->6->8->7->9,16
313,10.0.0.1,10.0.0.10,5000,1->0->2->3->4->2->5->3->4->6->7->5->6->8->7->9,16
314,10.0.0.1,10.0.0.10,5000,1->2->0->3->4->2->3->5->4->6->5->7->8->6->9->7,16
315,10.0.0.1,10.0.0.10,5000,1->0->2->3->4->2->3->5->4->6->5->7->8->6->7->9,16
316,10.0.0.1,10.0.0.10,5000,1->0->2->3->4->2->5->3->6->4->5->7->8->6->7->9,16
317,10.0.0.1,10.0.0.10,5000,1->2->0->3->4->2->5->3->4->6->5->7->6->8->9->7,16
318,10.0.0.1,10.0.0.10,5000,1->0->2->3->4->2->3->5->6->4->5->7->6->8->7->9,16
319,10.0.0.1,10.0.0.10,5000,1->2->0->3->2->4->3->5->6->4->5->7->6->8->9->7,16
320,10.0.0.1,10.0.0.10,5000,1->2->0->3->4->2->3->5->4->6->5->7->8->6->9->7,16
321,10.0.0.1,10.0.0.10,5000,1->0->2->3->4->2->3->5->4->6->5->7->6->8->7->9,16
322,10.0.0.1,10.0.0.10,5000,1->0->2->3->2->4->3->5->6->4->5->7->6->8->7->9,16
325,10.0.0.1,10.0.0.10,5000,1->2->0->3->4->2->3->5->3->4->6->7->6->8->7->9,16
327,10.0.0.1,10.0.0.10,5000,1->2->0->3->4->2->3->5->6->4->7->5->6->8->7->9,16
328,10.0.0.1,10.0.0.10,5000,1->2->0->3->4->2->5->3->4->6->7->5->8->6->9->7,16
333,10.0.0.1,10.0.0.10,5000,1->0->2->3->2->4->5->3->4->6->5->7->6->8->9->7,16
334,10.0.0.1,10.0.0.10,5000,1->2->0->3->2->4->5->3->4->6->7->5->8->6->9->7,16
335,10.0.0.1,10.0.0.10,5000,1->2->0->3->2->4->3->5->6->4->7->5->8->6->9->7,16
336,10.0.0.1,10.0.0.10,5000,1->2->0->3->2->4->5->3->6->4->7->5->8->6->7->9,16
338,10.0.0.1,10.0.0.10,5000,1->2->0->3->4->2->3->5->6->4->7->5->8->6->9->7,16
340,10.0.0.1,10.0.0.10,5000,1->2->0->3->4->2->5->3->4->6->5->7->8->6->7->9,16
341,10.0.0.1,10.0.0.10,5000,1->0->2->3->4->2->5->3->4->6->5->7->6->8->9->7,16
342,10.0.0.1,10.0.0.10,5000,1->2->0->3->2->4->5->3->6->4->7->5->8->6->9->7,16
343,10.0.0.1,10.0.0.10,5000,1->0->2->3->2->4->3->5->4->6->7->5->8->6->7->9,16
345,10.0.0.1,10.0.0.10,5000,1->2->0->3->4->2->5->3->6->4->5->7->6->8->9->7,16
346,10.0.0.1,10.0.0.10,5000,1->0->2->3->4->2->5->3->4->6->5->7->8->6->9->7,16
347,10.0.0.1,10.0.0.10,5000,1->0->2->3->4->2->3->5->6->4->7->5->8->6->7->9,16
348,10.0.0.1,10.0.0.10,5000,1->2->0->3->2->4->5->3->4->6->7->5->8->6->7->9,16
349,10.0.0.1,10.0.0.10,5000,1->0->2->3->4->2->3->5->6->4->5->7->6->8->7->9,16
350,10.0.0.1,10.0.0.10,5000,1->0->2->3->2->4->5->3->6->4->7->5->8->6->7->9,16
351,10.0.0.1,10.0.0.10,5000,1->0->2->3->2->4->3->5->4->6->7->5->8->6->9->7,16
352,10.0.0.1,10.0.0.10,5000,1->2->0->3->2->4->3->5->6->4->5->7->6->8->7->9,16
354,10.0.0.1,10.0.0.10,5000,1->0->2->3->2->4->5->3->4->6->5->7->8->6->7->9,16
358,10.0.0.1,10.0.0.10,5000,1->2->0->3->2->4->3->5->4->6->7->5->8->6->7->9,16
359,10.0.0.1,10.0.0.10,5000,1->2->0->3->2->4->5->3->6->4->5->7->6->8->9->7,16
360,10.0.0.1,10.0.0.10,5000,1->0->2->3->4->2->3->5->6->4->5->7->6->8->7->9,16
361,10.0.0.1,10.0.0.10,5000,1->2->3->4->5->3->4->6->7->5->6->8->7->9->0->2,16
362,10.0.0.1,10.0.0.10,5000,1->0->2->3->4->2->5->3->6->4->7->5->8->6->7->9,16
363,10.0.0.1,10.0.0.10,5000,1->2->0->3->4->2->3->5->6->4->7->5->6->8->7->9,16
364,10.0.0.1,10.0.0.10,5000,1->2->0->3->2->4->3->5->4->6->5->7->8->6->7->9,16
365,10.0.0.1,10.0.0.10,5000,1->2->0->3->4->2->3->5->6->4->5->7->6->8->9->7,16
369,10.0.0.1,10.0.0.10,5000,1->0->2->3->1->4->5->3->4->6->7->5->8->6->9->7,16
370,10.0.0.1,10.0.0.10,5000,1->0->2->1->3->4->5->3->6->4->5->7->6->8->7->9,16
372,10.0.0.1,10.0.0.10,5000,1->2->0->3->2->4->5->3->4->6->7->5->8->6->9->7,16
374,10.0.0.1,10.0.0.10,5000,1->2->0->3->4->2->3->5->6->4->7->5->8->6->9->7,16
376,10.0.0.1,10.0.0.10,5000,1->0->2->3->2->4->3->5->6->4->7->5->6->8->9->7,16
377,10.0.0.1,10.0.0.10,5000,1->2->0->3->2->4->5->3->4->6->7->5->8->6->9->7,16
378,10.0.0.1,10.0.0.10,5000,1->2->3->4->5->3->0->6->4->7->5->6->8->7->9->2,16
380,10.0.0.1,10.0.0.10,5000,1->2->0->3->4->2->3->5->6->4->5->7->6->8->9->7,16
381,10.0.0.1,10.0.0.10,5000,1->2->0->3->4->2->5->3->6->4->5->7->8->6->7->9,16
382,10.0.0.1,10.0.0.10,5000,1->2->0->3->4->2->5->3->4->6->7->5->6->8->7->9,16
383,10.0.0.1,10.0.0.10,5000,1->0->2->3->4->2->5->3->4->6->7->5->8->6->9->7,16
387,10.0.0.1,10.0.0.10,5000,1->0->2->3->2->4->5->3->4->6->5->7->6->8->9->7,16
388,10.0.0.1,10.0.0.10,5000,1->2->0->3->2->4->5->3->4->6->7->5->8->6->9->7,16
389,10.0.0.1,10.0.0.10,5000,1->0->2->3->2->4->3->5->4->6->5->7->8->6->9->7,16
1357,10.0.0.1,10.0.0.10,5000,1->2->0->3->2->4->3->5->4->6->5->7->8->6->9->7,16
1361,10.0.0.1,10.0.0.10,5000,1->2->0->3->4->2->3->5->4->6->7->5->6->8->9->7,16
1362,10.0.0.1,10.0.0.10,5000,1->0->2->0->3->4->5->3->4->6->5->7->6->8->9->7,16
1364,10.0.0.1,10.0.0.10,5000,1->0->2->0->3->4->5->6->4->5->7->6->8->9->7->3,16
1367,10.0.0.1,10.0.0.10,5000,1->0->2->3->4->2->3->5->6->4->5->7->8->6->9->7,16
1368,10.0.0.1,10.0.0.10,5000,1->0->2->3->4->2->3->5->4->6->5->7->8->6->7->9,16
1369,10.0.0.1,10.0.0.10,5000,1->2->0->3->4->2->5->3->6->4->7->5->6->8->9->7,16
1370,10.0.0.1,10.0.0.10,5000,1->2->0->3->4->2->5->3->6->4->5->7->8->6->9->7,16
1371,10.0.0.1,10.0.0.10,5000,1->0->2->3->2->4->5->3->6->4->7->5->8->6->9->7,16
1373,10.0.0.1,10.0.0.10,5000,1->2->0->3->2->4->3->5->4->6->7->5->6->8->7->9,16
1374,10.0.0.1,10.0.0.10,5000,1->0->2->3->2->4->5->3->4->6->5->7->8->6->9->7,16
1375,10.0.0.1,10.0.0.10,5000,1->2->0->3->2->4->3->5->6->4->7->5->6->8->9->7,16
1376,10.0.0.1,10.0.0.10,5000,1->0->2->3->4->2->3->5->4->6->5->7->8->6->9->7,16
1377,10.0.0.1,10.0.0.10,5000,1->2->0->3->4->2->3->5->6->4->7->5->8->6->7->9,16
1379,10.0.0.1,10.0.0.10,5000,1->0->2->3->4->2->3->5->6->4->7->5->6->8->7->9,16
1380,10.0.0.1,10.0.0.10,5000,1->0->2->3->4->2->5->3->6->4->7->5->6->8->7->9,16
1381,10.0.0.1,10.0.0.10,5000,1->0->2->3->2->4->3->5->6->4->5->7->8->6->7->9,16
1382,10.0.0.1,10.0.0.10,5000,1->2->0->3->4->2->3->5->4->6->5->7->8->6->9->7,16
1383,10.0.0.1,10.0.0.10,5000,1->0->2->3->4->2->3->5->6->4->7->5->6->8->7->9,16
1385,10.0.0.1,10.0.0.10,5000,1->2->0->3->4->2->5->3->6->4->5->7->6->8->7->9,16
1387,10.0.0.1,10.0.0.10,5000,1->2->0->3->2->4->5->3->6->4->5->7->6->8->9->7,16
1388,10.0.0.1,10.0.0.10,5000,1->2->0->3->4->2->3->5->6->4->5->7->8->6->9->7,16
1389,10.0.0.1,10.0.0.10,5000,1->2->0->3->2->4->5->3->6->4->7->5->6->8->9->7,16
1390,10.0.0.1,10.0.0.10,5000,1->2->0->3->4->2->3->5->4->6->5->7->6->8->7->9,16
1391,10.0.0.1,10.0.0.10,5000,1->2->0->3->4->2->5->3->4->6->7->5->8->6->7->9,16
1392,10.0.0.1,10.0.0.10,5000,1->2->0->3->4->2->3->5->4->6->7->5->8->6->7->9,16
1393,10.0.0.1,10.0.0.10,5000,1->0->2->3->2->4->3->5->4->6->7->5->8->6->7->9,16
1395,10.0.0.1,10.0.0.10,5000,1->0->2->3->2->4->5->3->4->6->5->7->8->6->7->9,16
1396,10.0.0.1,10.0.0.10,5000,1->2->0->3->4->2->3->5->6->4->5->7->6->8->7->9,16
1397,10.0.0.1,10.0.0.10,5000,1->0->2->3->2->4->3->5->4->6->5->7->6->8->9->7,16
1398,10.0.0.1,10.0.0.10,5000,1->0->2->3->4->2->5->3->6->4->7->5->6->8->9->7,16
1400,10.0.0.1,10.0.0.10,5000,1->2->0->3->2->4->3->5->6->4->5->7->8->6->7->9,16
1401,10.0.0.1,10.0.0.10,5000,1->2->0->3->2->4->5->3->4->6->5->7->8->6->7->9,16
1402,10.0.0.1,10.0.0.10,5000,1->0->2->3->4->2->3->5->6->4->7->5->6->8->7->9,16
1403,10.0.0.1,10.0.0.10,5000,1->0->2->3->4->2->5->3->6->4->7->5->6->8->9->7,16
1404,10.0.0.1,10.0.0.10,5000,1->2->0->3->4->2->3->5->4->6->5->7->8->6->7->9,16
1407,10.0.0.1,10.0.0.10,5000,1->2->0->3->4->2->3->5->4->6->7->5->8->6->9->7,16
1408,10.0.0.1,10.0.0.10,5000,1->0->2->3->2->4->5->3->4->6->7->5->6->8->7->9,16
1409,10.0.0.1,10.0.0.10,5000,1->2->0->3->2->4->3->5->6->4->7->5->8->6->9->7,16
1410,10.0.0.1,10.0.0.10,5000,1->2->0->3->2->4->3->5->6->4->7->5->8->6->7->9,16
1413,10.0.0.1,10.0.0.10,5000,1->0->2->3->4->2->5->3->4->6->7->5->8->6->7->9,16
1414,10.0.0.1,10.0.0.10,5000,1->2->0->3->2->4->5->3->4->6->7->5->8->6->9->7,16
1415,10.0.0.1,10.0.0.10,5000,1->2->0->3->4->2->5->3->4->6->5->7->6->8->7->9,16
1416,10.0.0.1,10.0.0.10,5000,1->0->2->3->4->2->3->5->6->4->5->7->8->6->9->7,16
1417,10.0.0.1,10.0.0.10,5000,1->0->2->3->2->4->5->3->6->4->7->5->6->8->7->9,16
1419,10.0.0.1,10.0.0.10,5000,1->2->0->3->4->2->3->5->6->4->5->7->6->8->7->9,16
1420,10.0.0.1,10.0.0.10,5000,1->2->0->3->4->2->5->3->6->4->5->7->8->6->9->7,16
1422,10.0.0.1,10.0.0.10,5000,1->0->2->3->2->4->3->5->4->6->7->5->6->8->7->9,16
1423,10.0.0.1,10.0.0.10,5000,1->0->2->3->4->2->5->3->6->4->5->7->8->6->7->9,16
1427,10.0.0.1,10.0.0.10,5000,1->2->0->3->2->4->5->3->4->6->5->7->6->8->9->7,16
1428,10.0.0.1,10.0.0.10,5000,1->0->2->3->4->2->5->3->6->4->7->5->6->8->7->9,16
1429,10.0.0.1,10.0.0.10,5000,1->0->2->3->2->4->5->3->4->6->5->7->8->6->7->9,16
1430,10.0.0.1,10.0.0.10,5000,1->2->0->3->4->2->3->5->6->4->7->5->6->8->7->9,16
1431,10.0.0.1,10.0.0.10,5000,1->2->3->4->3->5->0->6->4->5->7->6->8->9->7->2,16
1432,10.0.0.1,10.0.0.10,5000,1->2->0->3->2->4->5->3->6->4->7->5->6->8->9->7,16
1433,10.0.0.1,10.0.0.10,5000,1->2->0->3->4->2->5->3->4->6->5->7->8->6->7->9,16
1434,10.0.0.1,10.0.0.10,5000,1->2->0->3->1->4->2->5->6->4->7->5->6->8->7->9,16
1436,10.0.0.1,10.0.0.10,5000,1->2->0->3->4->3->5->6->4->7->5->3->8->6->7->9,16
1437,10.0.0.1,10.0.0.10,5000,1->0->2->3->2->4->3->5->6->4->5->7->6->8->7->9,16
1438,10.0.0.1,10.0.0.10,5000,1->0->2->3->2->4->3->5->4->6->5->7->6->8->7->9,16
1439,10.0.0.1,10.0.0.10,5000,1->0->2->3->2->4->5->3->6->4->7->5->8->6->7->9,16
1440,10.0.0.1,10.0.0.10,5000,1->2->0->3->2->4->3->5->4->6->5->7->8->6->9->7,16
1441,10.0.0.1,10.0.0.10,5000,1->0->2->3->4->2->5->3->4->6->5->7->6->8->9->7,16
1442,10.0.0.1,10.0.0.10,5000,1->0->2->3->2->4->5->3->4->6->5->7->8->6->7->9,16
1443,10.0.0.1,10.0.0.10,5000,1->0->2->3->4->2->5->3->4->6->7->5->8->6->9->7,16
1444,10.0.0.1,10.0.0.10,5000,1->2->0->3->2->4->3->5->6->4->5->7->6->8->7->9,16
1445,10.0.0.1,10.0.0.10,5000,1->2->0->3->4->2->5->3->6->4->5->7->8->6->9->7,16
1446,10.0.0.1,10.0.0.10,5000,1->2->0->3->4->2->5->3->4->6->5->7->8->6->7->9,16
1447,10.0.0.1,10.0.0.10,5000,1->0->2->3->2->4->5->3->4->6->5->7->6->8->9->7,16
1449,10.0.0.1,10.0.0.10,5000,1->2->0->3->4->5->1->4->6->3->7->5->8->6->7->9,16
1450,10.0.0.1,10.0.0.10,5000,1->0->2->3->4->2->3->5->4->6->7->5->8->6->7->9,16
1456,10.0.0.1,10.0.0.10,5000,1->0->2->3->4->2->3->5->4->6->5->7->8->6->7->9,16
1457,10.0.0.1,10.0.0.10,5000,1->2->0->3->2->4->3->5->4->6->7->5->6->8->9->7,16
1458,10.0.0.1,10.0.0.10,5000,1->2->0->3->2->4->5->3->6->4->5->7->8->6->7->9,16
1459,10.0.0.1,10.0.0.10,5000,1->0->2->3->4->2->3->5->4->6->7->5->6->8->7->9,16
1460,10.0.0.1,10.0.0.10,5000,1->0->2->3->2->4->3->5->6->4->5->7->8->6->9->7,16
2466,10.0.0.1,10.0.0.10,5000,1->0->2->3->4->5->3->4->6->4->5->7->6->8->6->9,16
2469,10.0.0.1,10.0.0.10,5000,1->0->2->0->1->3->4->3->5->6->4->7->5->8->7->9,16
1,10.0.0.1,10.0.0.10,5000,1->0->2->0->3->2->4->5->3->4->6->5->7->8->6->7->9,17
17,10.0.0.1,10.0.0.10,5000,1->0->2->3->1->4->2->5->4->6->5->7->5->6->8->7->9,17
19,10.0.0.1,10.0.0.10,5000,1->2->0->3->4->2->3->5->3->6->4->7->5->8->6->9->7,17
28,10.0.0.1,10.0.0.10,5000,1->0->2->0->1->3->4->5->3->4->6->7->5->8->6->9->7,17
43,10.0.0.1,10.0.0.10,5000,1->0->2->3->1->4->2->3->5->6->4->7->5->6->8->9->7,17
46,10.0.0.1,10.0.0.10,5000,1->2->3->2->4->3->5->2->0->6->4->7->5->6->8->9->7,17
49,10.0.0.1,10.0.0.10,5000,1->0->2->1->3->2->4->3->5->6->4->5->7->6->8->7->9,17
52,10.0.0.1,10.0.0.10,5000,1->0->2->0->3->2->4->5->3->4->6->7->5->8->6->7->9,17
53,10.0.0.1,10.0.0.10,5000,1->2->3->2->4->5->3->6->4->0->2->7->5->6->8->9->7,17
63,10.0.0.1,10.0.0.10,5000,1->2->3->2->4->3->5->4->6->0->2->7->5->8->6->7->9,17
72,10.0.0.1,10.0.0.10,5000,1->2->3->4->0->3->5->4->6->5->7->8->6->7->9->2->0,17
81,10.0.0.1,10.0.0.10,5000,1->2->0->3->4->2->3->5->4->6->7->5->6->8->6->9->7,17
89,10.0.0.1,10.0.0.10,5000,1->2->3->4->0->3->5->4->6->7->5->6->8->7->9->0->2,17
245,10.0.0.1,10.0.0.10,5000,1->0->2->0->3->2->4->3->5->4->6->7->5->8->6->7->9,17
271,10.0.0.1,10.0.0.10,5000,1->2->3->4->0->5->3->6->4->7->5->6->8->9->7->2->0,17
275,10.0.0.1,10.0.0.10,5000,1->2->3->4->5->3->0->4->6->5->7->8->6->7->9->2->0,17
285,10.0.0.1,10.0.0.10,5000,1->2->3->4->5->3->0->4->6->7->5->6->8->9->7->2->0,17
294,10.0.0.1,10.0.0.10,5000,1->2->0->3->4->2->5->6->4->7->3->8->6->3->5->7->9,17
300,10.0.0.1,10.0.0.10,5000,1->2->3->2->4->3->5->4->6->5->7->8->6->9->7->0->2,17
309,10.0.0.1,10.0.0.10,5000,1->0->2->0->3->4->2->5->3->6->4->5->7->6->8->7->9,17
310,10.0.0.1,10.0.0.10,5000,1->0->2->3->4->2->3->5->3->6->4->5->7->8->6->9->7,17
326,10.0.0.1,10.0.0.10,5000,1->0->2->3->2->4->3->5->3->4->6->7->5->6->8->9->7,17
331,10.0.0.1,10.0.0.10,5000,1->0->2->0->3->2->4->5->3->4->6->7->5->6->8->9->7,17
332,10.0.0.1,10.0.0.10,5000,1->2->3->4->0->5->3->6->4->5->7->8->6->7->9->2->0,17
337,10.0.0.1,10.0.0.10,5000,1->2->3->4->2->5->3->4->6->7->5->0->2->8->6->7->9,17
353,10.0.0.1,10.0.0.10,5000,1->2->3->4->0->5->3->2->0->4->6->7->5->8->6->9->7,17
356,10.0.0.1,10.0.0.10,5000,1->2->0->3->1->2->4->3->5->4->6->7->5->6->8->7->9,17
357,10.0.0.1,10.0.0.10,5000,1->2->3->4->2->3->5->6->4->7->5->8->6->9->7->2->0,17
371,10.0.0.1,10.0.0.10,5000,1->0->2->0->3->2->4->5->3->4->6->5->7->8->6->7->9,17
375,10.0.0.1,10.0.0.10,5000,1->2->3->4->2->5->3->2->0->4->6->5->7->8->6->7->9,17
1366,10.0.0.1,10.0.0.10,5000,1->0->2->1->3->2->4->3->5->4->6->7->5->6->8->9->7,17
1378,10.0.0.1,10.0.0.10,5000,1->2->3->2->4->5->3->4->6->0->2->5->7->8->6->9->7,17
1394,10.0.0.1,10.0.0.10,5000,1->2->3->4->2->3->5->6->4->2->0->5->7->8->6->9->7,17
1399,10.0.0.1,10.0.0.10,5000,1->2->3->4->0->5->3->6->4->5->7->8->6->9->7->0->2,17
1406,10.0.0.1,10.0.0.10,5000,1->2->3->4->0->5->3->6->4->2->0->7->5->6->8->9->7,17
1412,10.0.0.1,10.0.0.10,5000,1->2->3->4->0->5->3->6->4->7->5->6->8->7->9->2->0,17
1425,10.0.0.1,10.0.0.10,5000,1->0->2->1->3->2->4->5->3->6->4->5->7->8->6->9->7,17
1426,10.0.0.1,10.0.0.10,5000,1->2->3->2->4->5->3->6->4->7->5->8->6->9->7->2->0,17
1451,10.0.0.1,10.0.0.10,5000,1->0->2->0->3->2->4->3->5->4->6->7->5->8->6->9->7,17
1454,10.0.0.1,10.0.0.10,5000,1->2->0->1->3->4->2->3->5->6->4->7->5->8->6->7->9,17
15,10.0.0.1,10.0.0.10,5000,1->0->2->0->3->4->3->5->3->4->6->5->7->5->8->6->7->9,18
25,10.0.0.1,10.0.0.10,5000,1->0->2->3->4->2->3->5->4->6->4->5->7->5->8->6->9->7,18
1424,10.0.0.1,10.0.0.10,5000,1->0->2->0->3->1->2->4->5->3->4->6->7->5->6->8->9->7,18
1455,10.0.0.1,10.0.0.10,5000,1->2->0->3->2->4->3->5->6->4->2->0->5->7->6->8->9->7,18
386,10.0.0.1,10.0.0.10,5000,1->2->0->3->2->4->2->3->5->4->6->4->7->5->2->0->6->8->9->7,20
